date,Open,Low,High,Close,date1
2013-12-31,54.27,53.8,54.86,54.84,2013-12-31
2014-01-01,54.7,54.7,54.87,54.8,2014-01-01
2014-01-02,54.3299,54.19,55.22,54.61,2014-01-02
2014-01-03,54.67,54.6,54.74,54.61,2014-01-03
2014-01-07,57.9201,57.1,58.55,57.99,2014-01-07
2014-01-08,58.2648,57.1,58.41,57.95,2014-01-08
2014-01-09,58.2301,58.19,58.28,58.24,2014-01-09
2014-01-10,57.81,57.03,58.3,57.9447,2014-01-10
2014-01-11,57.93,57.66,57.95,57.81,2014-01-11
2014-01-13,57.376999999999995,55.38,58.25,57.6476,2014-01-13
2014-01-14,56.0,55.96,57.79,57.3,2014-01-14
2014-01-15,57.73,57.65,57.79,57.79,2014-01-15
2014-01-16,57.12,56.83,58.02,57.19,2014-01-16
2014-01-17,57.13,56.07,57.82,57.36,2014-01-17
2014-01-18,56.32,56.25,56.34,56.32,2014-01-18
2014-01-22,57.5603,57.1,59.31,57.87,2014-01-22
2014-01-23,57.65,55.71,57.67,55.84,2014-01-23
2014-01-24,56.73,56.68,56.75,56.73,2014-01-24
2014-01-27,54.1375,51.85,55.15,53.1,2014-01-27
2014-01-28,52.97,52.75,53.15,53.1,2014-01-28
2014-01-30,61.6029,59.29,63.95,61.15,2014-01-30
2014-01-31,61.05,60.95,61.13,61.08,2014-01-31
2014-02-03,61.82,60.7,63.77,62.6,2014-02-03
2014-02-04,62.49,61.48,63.14,62.69,2014-02-04
2014-02-05,62.61,62.5,62.62,62.62,2014-02-05
2014-02-06,62.0776,60.94,62.78,61.95,2014-02-06
2014-02-07,64.2,61.37,64.57,64.36,2014-02-07
2014-02-08,64.29,64.29,64.38,64.35,2014-02-08
2014-02-13,67.43,63.94,67.5,65.93,2014-02-13
2014-02-14,67.38,67.38,67.49,67.43,2014-02-14
2014-02-18,66.57,66.07,67.5397,67.03,2014-02-18
2014-02-19,68.6497,64.18,69.08,66.36,2014-02-19
2014-02-20,66.38,66.15,66.4,66.3,2014-02-20
2014-02-25,69.535,69.45,71.1,69.75,2014-02-25
2014-02-26,69.94,69.87,70.03,69.91,2014-02-26
2014-02-27,69.19,68.87,70.01,69.74,2014-02-27
2014-02-28,68.98,68.96,69.0,68.98,2014-02-28
2014-03-04,68.88,67.41,69.0,67.9333,2014-03-04
2014-03-05,68.99,68.93,69.0,68.97,2014-03-05
2014-03-06,70.516,70.25,72.08,70.84,2014-03-06
2014-03-07,70.9,70.84,70.91,70.9,2014-03-07
2014-03-10,72.05,69.14,72.15,70.6,2014-03-10
2014-03-11,72.55,69.8,72.75,72.7,2014-03-11
2014-03-12,70.72,69.0,71.35,70.87,2014-03-12
2014-03-14,68.16,67.46,69.43,67.82,2014-03-14
2014-03-17,67.31,66.62,68.95,68.25,2014-03-17
2014-03-19,68.1,67.465,69.29,69.14,2014-03-19
2014-03-20,66.99,66.82,68.34,67.85,2014-03-20
2014-03-25,64.39,63.78,66.19,64.91,2014-03-25
2014-03-26,65.75,60.31,66.1,64.66,2014-03-26
2014-03-27,60.42,57.98,61.9,60.88,2014-03-27
2014-04-01,61.2415,60.24,62.99,62.84,2014-04-01
2014-04-02,63.14,62.01,63.91,62.98,2014-04-02
2014-04-03,59.46,59.13,63.17,61.79,2014-04-03
2014-04-08,58.1,56.95,58.71,58.24,2014-04-08
2014-04-10,62.19,58.68,63.53,59.29,2014-04-10
2014-04-14,59.42,57.78,60.45,58.93,2014-04-14
2014-04-15,59.082,55.88,59.9,59.67,2014-04-15
2014-04-16,59.77,57.74,60.19,58.55,2014-04-16
2014-04-17,59.18,58.45,60.58,59.65,2014-04-17
2014-04-22,62.95,62.0,63.44,62.97,2014-04-22
2014-04-23,63.57,56.96,65.04,62.24,2014-04-23
2014-04-29,57.79,55.41,58.28,57.58,2014-04-29
2014-04-30,58.37,57.1,60.55,59.49,2014-04-30
2014-05-05,61.1101,59.18,61.35,59.8,2014-05-05
2014-05-06,59.96,58.49,61.42,59.29,2014-05-06
2014-05-08,57.1501,56.5,58.82,57.01,2014-05-08
2014-05-09,57.05,56.38,57.65,57.09,2014-05-09
2014-05-13,59.81,59.51,60.89,60.14,2014-05-13
2014-05-14,59.85,58.95,60.45,59.35,2014-05-14
2014-05-15,58.37,57.52,59.61,57.64,2014-05-15
2014-05-16,57.5399,57.31,58.45,58.0,2014-05-16
2014-05-19,59.29,57.57,59.56,59.28,2014-05-19
2014-05-20,59.0,58.18,60.19,58.28,2014-05-20
2014-05-21,58.6,58.25,60.69,59.989,2014-05-21
2014-05-22,60.49,60.4,61.48,61.0766,2014-05-22
2014-05-23,61.1586,60.15,61.45,60.93,2014-05-23
2014-05-27,61.88,61.57,63.58,62.82,2014-05-27
2014-05-28,63.7,62.62,64.14,62.95,2014-05-28
2014-05-29,63.92,63.3,64.3,63.96,2014-05-29
2014-05-30,63.45,62.56,64.17,63.06,2014-05-30
2014-06-06,63.36,62.15,63.48,62.475,2014-06-06
2014-06-09,63.1699,61.79,63.34,62.94,2014-06-09
2014-06-11,65.3,64.9,65.89,64.9401,2014-06-11
2014-06-12,64.37,64.06,66.5,64.5032,2014-06-12
2014-06-16,64.16,63.75,64.88,64.27,2014-06-16
2014-06-17,64.529,63.93,64.88,64.42,2014-06-17
2014-06-19,65.52,64.1,65.6,65.11,2014-06-19
2014-06-20,63.5401,63.35,64.81,64.14,2014-06-20
2014-06-27,67.47,66.53,67.7,67.34,2014-06-27
2014-06-28,67.6,67.6,67.6,67.6,2014-06-28
2014-07-08,62.355,62.21,65.56,65.47,2014-07-08
2014-07-14,67.9,66.34,68.17,67.92,2014-07-14
2014-07-15,68.03,66.26,68.17,66.86,2014-07-15
2014-07-17,66.34,66.0,67.85,66.7201,2014-07-17
2014-07-18,68.5,66.16,68.69,68.25,2014-07-18
2014-07-22,69.87,68.61,69.95,69.145,2014-07-22
2014-07-24,76.35,74.51,78.44,75.31,2014-07-24
2014-08-05,72.65,72.18,73.99,73.33,2014-08-05
2014-08-06,73.37,71.79,73.72,72.54,2014-08-06
2014-08-08,73.34,72.3,73.43,73.0,2014-08-08
2014-08-12,72.3499,72.22,73.67,72.27,2014-08-12
2014-08-18,74.52,73.8,74.72,74.1,2014-08-18
2014-08-19,75.37,74.75,75.58,75.49,2014-08-19
2014-08-20,74.88,74.62,75.37,74.71,2014-08-20
2014-08-21,74.72,74.4149,75.19,74.53,2014-08-21
2014-08-27,74.65,74.46,76.28,74.55,2014-08-27
2014-09-04,76.535,75.47,76.93,76.59,2014-09-04
2014-09-05,77.23,75.598,77.38,76.07,2014-09-05
2014-09-08,77.39,77.01,78.17,77.921,2014-09-08
2014-09-09,77.525,76.2,78.17,76.46,2014-09-09
2014-09-10,76.9,76.51,77.95,76.78,2014-09-10
2014-09-11,77.9299,76.53,78.36,77.8801,2014-09-11
2014-09-15,75.165,73.43,77.35,77.27,2014-09-15
2014-09-16,76.14,73.07,76.23,74.49,2014-09-16
2014-09-18,76.9,76.12,77.33,76.955,2014-09-18
2014-09-19,77.5,76.44,78.3,76.72,2014-09-19
2014-09-25,77.7,77.13,78.99,78.63,2014-09-25
2014-09-30,79.085,78.6,79.7,79.37,2014-09-30
2014-10-01,76.09,75.9,79.08,78.81,2014-10-01
2014-10-02,76.92,75.64,77.48,76.94,2014-10-02
2014-10-03,77.68,77.08,78.06,77.3,2014-10-03
2014-10-09,77.695,75.33,78.04,77.24,2014-10-09
2014-10-10,73.65,72.76,76.5,73.79,2014-10-10
2014-10-14,73.85,72.05,74.27,73.27,2014-10-14
2014-10-15,72.02,70.32,73.8,72.95,2014-10-15
2014-10-16,72.98,70.58,73.35,72.24,2014-10-16
2014-10-20,77.16,75.38,77.34,76.61,2014-10-20
2014-10-21,78.63,76.95,78.85,77.58,2014-10-21
2014-10-24,79.9,79.32,80.84,80.2,2014-10-24
2014-10-27,80.9599,79.51,81.0499,80.37,2014-10-27
2014-10-29,75.79,73.5,79.0,75.93,2014-10-29
2014-10-30,74.07,72.9,76.1,74.02,2014-10-30
2014-11-04,74.09,73.65,75.85,74.699,2014-11-04
2014-11-05,76.43,74.42,76.8,74.68,2014-11-05
2014-11-06,75.36,74.31,76.29,75.0199,2014-11-06
2014-11-07,75.3,75.25,75.33,75.31,2014-11-07
2014-11-10,75.05,74.61,75.83,74.95,2014-11-10
2014-11-11,74.84,74.82,74.9,74.86,2014-11-11
2014-11-12,74.72,73.54,75.14,73.78,2014-11-12
2014-11-13,74.19,73.64,75.24,74.11,2014-11-13
2014-11-14,74.93,74.04,75.0,74.71,2014-11-14
2014-11-15,74.9,74.9,74.93,74.93,2014-11-15
2014-11-17,74.14699999999999,73.5,75.655,74.83,2014-11-17
2014-11-18,74.17,74.07,74.25,74.14,2014-11-18
2014-11-19,73.3,73.11,74.54,73.863,2014-11-19
2014-11-20,73.4399,72.51,73.99,73.84,2014-11-20
2014-11-21,73.98,73.5,74.55,74.26,2014-11-21
2014-11-22,73.75,73.69,73.75,73.7,2014-11-22
2014-11-26,77.44,75.45,77.78,77.3199,2014-11-26
2014-11-27,77.6,77.58,77.6,77.59,2014-11-27
2014-11-28,77.53,77.23,78.27,77.47,2014-11-28
2014-12-01,77.4,74.8,77.7,75.8,2014-12-01
2014-12-02,75.61,74.98,75.91,75.1,2014-12-02
2014-12-03,75.5,75.47,75.53,75.47,2014-12-03
2014-12-04,75.23,74.47,75.55,75.3,2014-12-04
2014-12-05,76.225,75.24,76.76,75.26,2014-12-05
2014-12-06,76.35,76.35,76.39,76.36,2014-12-06
2014-12-09,75.65,74.78,76.93,76.1199,2014-12-09
2014-12-10,76.85,75.8818,76.9,75.8818,2014-12-10
2014-12-15,77.04,76.56,78.68,77.8001,2014-12-15
2014-12-16,77.15,77.0,77.15,77.09,2014-12-16
2014-12-17,75.69,74.68,76.41,75.13,2014-12-17
2014-12-18,78.065,76.12,78.42,77.65,2014-12-18
2014-12-19,79.5899,78.21,80.0,79.46,2014-12-19
2014-12-20,79.75,79.73,79.84,79.84,2014-12-20
2014-12-22,81.43,79.49,81.89,81.5868,2014-12-22
2014-12-23,80.76899999999999,80.4,82.17,81.81,2014-12-23
2014-12-24,81.137,80.35,81.43,81.18,2014-12-24
2014-12-26,80.8,80.51,81.28,81.19,2014-12-26
2014-12-27,80.79,80.76,80.8,80.79,2014-12-27
2014-12-29,79.93,79.71,80.96,80.16,2014-12-29
2014-12-30,80.1,79.1,80.59,79.6599,2014-12-30
2014-12-31,79.24,77.86,79.8,79.665,2014-12-31
2015-01-01,78.12,78.1,78.17,78.15,2015-01-01
2015-01-02,77.77,77.7,78.93,77.98,2015-01-02
2015-01-03,78.38,78.36,78.42,78.39,2015-01-03
2015-01-05,77.36,76.86,79.2455,77.3299,2015-01-05
2015-01-06,77.38,77.3,77.38,77.33,2015-01-06
2015-01-07,76.33,75.82,77.36,76.21,2015-01-07
2015-01-08,76.24,76.08,78.23,78.01,2015-01-08
2015-01-09,77.925,77.2,78.62,77.93,2015-01-09
2015-01-10,77.7001,77.68,77.72,77.72,2015-01-10
2015-01-14,76.65,76.03,77.2,76.51,2015-01-14
2015-01-15,76.56,76.45,76.56,76.54,2015-01-15
2015-01-16,75.15,73.3,75.32,73.79,2015-01-16
2015-01-17,75.15,75.13,75.18,75.13,2015-01-17
2015-01-20,76.16,74.82,76.39,75.48,2015-01-20
2015-01-21,76.31,76.24,76.37,76.35,2015-01-21
2015-01-22,77.64,76.68,77.75,77.5825,2015-01-22
2015-01-23,77.91,77.04,78.19,77.92,2015-01-23
2015-01-24,77.8,77.75,77.83,77.83,2015-01-24
2015-01-26,77.79,77.29,78.47,77.6,2015-01-26
2015-01-27,75.78,75.63,77.56,75.715,2015-01-27
2015-01-28,76.63,76.6,76.73,76.6,2015-01-28
2015-01-29,77.0,74.21,79.35,76.83,2015-01-29
2015-01-30,78.03,75.75,79.11,76.39,2015-01-30
2015-01-31,75.98,75.95,76.0,76.0,2015-01-31
2015-02-04,76.0352,74.6,76.35,75.1,2015-02-04
2015-02-05,75.8301,75.1,76.1,75.66,2015-02-05
2015-02-06,74.93,74.25,76.0,75.2432,2015-02-06
2015-02-07,74.5,74.4,74.53,74.53,2015-02-07
2015-02-12,76.89,75.89,77.25,76.19,2015-02-12
2015-02-13,76.03,76.03,76.18,76.05,2015-02-13
2015-02-19,79.189,76.57,79.84,79.7154,2015-02-19
2015-02-20,79.41,79.36,79.45,79.36,2015-02-20
2015-02-24,78.65,78.1,79.48,78.62,2015-02-24
2015-02-25,79.955,78.3,80.2,79.29,2015-02-25
2015-02-26,81.0,79.35,81.37,80.24,2015-02-26
2015-02-27,80.55,80.42,80.6,80.56,2015-02-27
2015-03-02,79.83,78.52,79.855,79.36,2015-03-02
2015-03-03,79.6,78.52,79.74,79.58,2015-03-03
2015-03-04,80.29,78.85,81.15,79.31,2015-03-04
2015-03-05,80.88,80.85,80.99,80.88,2015-03-05
2015-03-06,80.32,79.83,81.33,80.4,2015-03-06
2015-03-07,79.9701,79.92,80.01,79.97,2015-03-07
2015-03-09,79.23,78.63,80.23,78.79,2015-03-09
2015-03-12,78.92,77.8,79.05,78.719,2015-03-12
2015-03-17,79.07,77.86,79.78,79.68,2015-03-17
2015-03-18,79.21,79.05,81.24,79.44,2015-03-18
2015-03-19,82.79,80.65,83.0,82.79,2015-03-19
2015-03-25,83.07,82.92,85.89,83.74,2015-03-25
2015-03-30,82.9664,81.9992,84.34,83.65,2015-03-30
2015-03-31,82.995,82.12,83.5,82.91,2015-03-31
2015-04-01,82.15,80.87,82.72,81.745,2015-04-01
2015-04-02,81.62,81.4,82.56,81.9,2015-04-02
2015-04-09,82.18,81.71,82.8,81.85,2015-04-09
2015-04-14,82.7,82.44,83.69,83.28,2015-04-14
2015-04-21,83.8397,83.43,84.49,83.58,2015-04-21
2015-04-22,82.8,81.0,85.16,84.09,2015-04-22
2015-04-27,82.35,81.4,82.93,81.66,2015-04-27
2015-05-01,78.89,78.11,79.76,78.97,2015-05-01
2015-05-04,79.49,78.6301,79.76,78.8,2015-05-04
2015-05-05,78.29,77.22,79.26,77.5,2015-05-05
2015-05-06,78.475,77.05,78.81,78.2,2015-05-06
2015-05-15,80.35,80.18,81.98,80.24,2015-05-15
2015-05-20,80.44,79.46,81.1,80.19,2015-05-20
2015-05-21,80.6,80.08,80.92,80.52,2015-05-21
2015-05-26,79.52,79.08,80.72,79.51,2015-05-26
2015-05-27,80.53,79.42,80.66,80.63,2015-05-27
2015-05-28,80.22,80.0,81.0745,80.3,2015-05-28
2015-05-29,79.43,78.88,80.2,79.19,2015-05-29
2015-06-01,79.9801,78.66,80.38,79.8565,2015-06-01
2015-06-02,80.45,79.56,81.35,80.71,2015-06-02
2015-06-03,81.15,80.55,82.751,82.42,2015-06-03
2015-06-05,82.2799,81.44,82.46,82.26,2015-06-05
2015-06-08,81.72,80.13,82.28,81.157,2015-06-08
2015-06-09,80.16,79.32,81.19,80.88,2015-06-09
2015-06-11,81.91,81.36,82.9,82.15,2015-06-11
2015-06-12,81.46,81.2,82.09,81.6102,2015-06-12
2015-06-19,82.3151,82.12,83.15,82.71,2015-06-19
2015-06-26,87.32,86.8283,88.34,88.06,2015-06-26
2015-06-29,86.56,85.73,87.8,86.6,2015-06-29
2015-07-01,86.74,85.765,87.95,86.72,2015-07-01
2015-07-02,86.92,86.3401,87.58,87.01,2015-07-02
2015-07-08,85.98100000000001,85.445,86.75,86.175,2015-07-08
2015-07-09,87.21,85.6499,87.6,86.14,2015-07-09
2015-07-10,87.13,86.49,88.22,87.87,2015-07-10
2015-07-13,88.68299999999999,88.31,90.43,88.6,2015-07-13
2015-07-16,89.94,89.77,92.84,92.5,2015-07-16
2015-07-21,98.08,96.76,99.3,97.19,2015-07-21
2015-07-22,96.13,95.92,97.58,97.07,2015-07-22
2015-07-23,96.34,94.81,97.58,97.48,2015-07-23
2015-07-24,96.139,95.88,98.06,97.34299999999999,2015-07-24
2015-07-27,96.9,93.8301,97.3,94.23,2015-07-27
2015-07-28,95.7,93.31,96.67,94.9799,2015-07-28
2015-07-29,95.71,90.6,97.49,96.0,2015-07-29
2015-07-30,95.23,91.8,95.99,94.77,2015-07-30
2015-07-31,94.99,93.55,96.33,95.92,2015-07-31
2015-08-03,93.36,92.8,95.08,93.74,2015-08-03
2015-08-04,93.76,93.33,94.73,93.8,2015-08-04
2015-08-06,94.83,94.42,98.74,96.87,2015-08-06
2015-08-11,93.45,92.9006,94.76,93.91,2015-08-11
2015-08-14,94.38,93.1,94.72,94.537,2015-08-14
2015-08-17,93.83,93.39,95.01,93.7151,2015-08-17
2015-08-18,95.37700000000001,93.46,95.85,94.75,2015-08-18
2015-08-21,89.3,85.61,89.85,87.75,2015-08-21
2015-08-24,86.4649,72.0,87.14,82.15,2015-08-24
2015-08-26,85.27,83.26,87.46,84.33,2015-08-26
2015-08-28,90.82799999999999,88.89,91.48,90.88,2015-08-28
2015-08-31,89.07,88.52,91.05,90.25,2015-08-31
2015-09-03,89.3777,87.73,90.71,89.07,2015-09-03
2015-09-08,89.66,88.83,90.41,89.27,2015-09-08
2015-09-09,91.56,90.0,91.98,91.61,2015-09-09
2015-09-11,92.24,91.13,92.3,91.55,2015-09-11
2015-09-21,95.62,94.3,96.49,95.03,2015-09-21
2015-09-24,93.9698,92.24,94.765,92.43,2015-09-24
2015-09-28,89.14,88.18,92.8,89.19,2015-09-28
2015-09-29,86.66,85.72,90.06,86.039,2015-09-29
2015-10-01,89.63,88.36,91.28,89.63,2015-10-01
2015-10-05,92.61,92.3,94.27,93.9,2015-10-05
2015-10-07,91.745,91.37,93.66,91.905,2015-10-07
2015-10-08,90.7001,90.47,93.22,92.21,2015-10-08
2015-10-09,93.26,92.0,93.74,93.3662,2015-10-09
2015-10-12,93.26,92.67,94.6,94.14,2015-10-12
2015-10-20,97.7,96.56,99.59,97.32,2015-10-20
2015-10-21,97.03,96.47,98.18,97.4,2015-10-21
2015-10-22,102.3,96.9,102.61,99.14,2015-10-22
2015-10-23,101.99,100.0,103.0,100.86,2015-10-23
2015-10-26,102.08,101.55,103.92,103.68,2015-10-26
2015-10-30,101.94,101.65,105.4,101.99,2015-10-30
2015-11-02,103.25,101.18,103.47,103.05,2015-11-02
2015-11-03,103.27,103.13,103.35,103.13,2015-11-03
2015-11-04,106.03,102.0,109.34,103.71,2015-11-04
2015-11-05,109.5,107.22,110.65,109.36,2015-11-05
2015-11-06,106.10600000000001,105.91,109.0,108.34,2015-11-06
2015-11-07,107.05,107.02,107.06,107.03,2015-11-07
2015-11-10,108.07,105.24,108.15,107.52,2015-11-10
2015-11-11,109.6,107.11,109.87,108.368,2015-11-11
2015-11-12,109.14,107.65,109.39,108.9,2015-11-12
2015-11-13,106.38,103.05,108.25,104.0,2015-11-13
2015-11-14,103.28,103.1,103.5,103.32,2015-11-14
2015-11-18,105.69,105.0,107.92,107.77,2015-11-18
2015-11-19,107.8,107.8,108.0,107.83,2015-11-19
2015-11-23,106.86,106.08,107.77,106.87,2015-11-23
2015-11-24,106.92,106.81,106.93,106.92,2015-11-24
2015-11-27,105.35,104.86,105.96,105.53,2015-11-27
2015-11-30,105.42,103.75,106.0999,104.01,2015-11-30
2015-12-01,107.15,104.41,107.18,105.88,2015-12-01
2015-12-02,106.29,105.79,107.92,107.14,2015-12-02
2015-12-03,105.935,103.35,106.94,104.025,2015-12-03
2015-12-04,104.56,104.53,104.6,104.55,2015-12-04
2015-12-08,106.45,103.85,106.91,103.92,2015-12-08
2015-12-09,104.02,103.55,106.72,104.1,2015-12-09
2015-12-10,106.16,104.41,106.4,105.5,2015-12-10
2015-12-11,103.3268,101.7,105.75,101.94,2015-12-11
2015-12-12,101.71,101.63,101.9,101.7999,2015-12-12
2015-12-14,102.81,101.46,104.75,102.21,2015-12-14
2015-12-15,104.66,104.59,104.7,104.65,2015-12-15
2015-12-16,106.59,104.19,107.09,105.16,2015-12-16
2015-12-17,106.9812,105.98,107.75,107.47,2015-12-17
2015-12-18,106.53,105.95,106.57,106.54,2015-12-18
2015-12-23,104.29,103.86,107.2,104.57,2015-12-23
2015-12-24,104.5,104.35,104.53,104.5,2015-12-24
2015-12-29,106.89,106.19,107.74,107.3835,2015-12-29
2015-12-30,106.88,106.06,107.29,106.87,2015-12-30
2015-12-31,105.36,104.62,106.45,105.2864,2015-12-31
2016-01-01,104.73,104.72,104.75,104.75,2016-01-01
2016-01-04,101.66,99.75,104.44,100.5882,2016-01-04
2016-01-05,102.4762,101.41,103.7099,102.31,2016-01-05
2016-01-06,102.81,102.75,102.82,102.75,2016-01-06
2016-01-07,101.08,97.3,102.02,98.11,2016-01-07
2016-01-08,99.18,97.0311,100.5,98.734,2016-01-08
2016-01-09,97.24,97.13,97.25,97.18,2016-01-09
2016-01-12,99.45,97.51,99.96,99.16,2016-01-12
2016-01-13,99.0831,95.01,100.58,99.22,2016-01-13
2016-01-14,95.14,95.01,95.19,95.05,2016-01-14
2016-01-20,90.94,89.37,95.0,92.96,2016-01-20
2016-01-21,94.94,94.6,94.95,94.94,2016-01-21
2016-01-22,96.94,94.16,98.24,95.86,2016-01-22
2016-01-23,98.14,98.08,98.47,98.2,2016-01-23
2016-01-27,102.6,94.23,107.25,97.7,2016-01-27
2016-01-28,107.45,104.81,110.34,106.38,2016-01-28
2016-01-29,108.62,107.72,112.84,111.97,2016-01-29
2016-01-30,112.15,112.07,112.2,112.15,2016-01-30
2016-02-02,114.67,113.2,117.59,115.7401,2016-02-02
2016-02-03,115.53,109.75,115.67,111.697,2016-02-03
2016-02-04,110.49,109.22,113.7,109.97,2016-02-04
2016-02-05,109.35,109.27,109.45,109.35,2016-02-05
2016-02-10,102.90799999999999,100.24,103.25,101.84700000000001,2016-02-10
2016-02-11,101.72,98.65,105.11,99.5,2016-02-11
2016-02-12,103.06,101.09,104.24,102.2,2016-02-12
2016-02-13,101.97,101.87,101.97,101.97,2016-02-13
2016-02-17,102.26,100.4,105.72,105.15,2016-02-17
2016-02-18,103.54,103.03,105.67,104.25,2016-02-18
2016-02-19,104.44,102.06,105.02,102.95,2016-02-19
2016-02-20,104.59,104.57,104.65,104.57,2016-02-20
2016-02-22,105.7,105.34,108.25,106.8,2016-02-22
2016-02-23,105.93,105.12,107.47,105.9,2016-02-23
2016-02-24,105.2,105.15,105.29,105.24,2016-02-24
2016-02-26,108.01,107.16,109.45,107.94,2016-02-26
2016-02-27,107.75,107.74,107.85,107.75,2016-02-27
2016-02-29,108.18,106.75,108.9101,107.25,2016-02-29
2016-03-01,109.31,106.85,110.01,107.04,2016-03-01
2016-03-02,110.24799999999999,108.77,110.55,109.0995,2016-03-02
2016-03-03,108.92,108.54,110.3,109.5,2016-03-03
2016-03-04,108.84,107.93,110.07,108.7716,2016-03-04
2016-03-05,108.3,108.3,108.34,108.32,2016-03-05
2016-03-09,106.51,105.49,107.6,107.07,2016-03-09
2016-03-10,107.47,105.7699,108.66,106.41,2016-03-10
2016-03-11,108.7899,107.2,109.48,108.48,2016-03-11
2016-03-12,109.26,109.2,109.3,109.21,2016-03-12
2016-03-14,109.97,108.45,110.33,109.88,2016-03-14
2016-03-15,109.43,108.84,110.83,110.67,2016-03-15
2016-03-17,111.4282,110.73,112.69,111.06,2016-03-17
2016-03-18,112.03,110.27,112.42,111.59,2016-03-18
2016-03-21,111.889,111.03,112.37,111.32,2016-03-21
2016-03-28,113.95,112.8,114.5889,113.79,2016-03-28
2016-03-29,115.21,113.4,116.36,113.63,2016-03-29
2016-03-31,114.58,107.96,115.01,114.355,2016-03-31
2016-04-01,115.79,113.31,116.17,116.03,2016-04-01
2016-04-06,113.66,112.4,113.81,112.56,2016-04-06
2016-04-07,113.6,113.0663,114.89,113.71,2016-04-07
2016-04-08,110.54,109.9,114.6,113.04,2016-04-08
2016-04-14,110.97,110.15,112.04,110.7836,2016-04-14
2016-04-15,111.5455,111.5455,111.5455,111.5455,2016-04-15
2016-04-18,109.98,109.0,110.81,109.8559,2016-04-18
2016-04-19,112.25,109.16,116.49,116.49,2016-04-19
2016-04-20,112.69,111.56,113.27,112.37,2016-04-20
2016-04-22,111.8,109.01,112.09,111.95,2016-04-22
2016-04-25,110.102,109.07,110.67,109.8999,2016-04-25
2016-04-28,119.83,116.23,121.71,116.55,2016-04-28
2016-04-29,117.4,115.84,117.84,116.01,2016-04-29
2016-05-03,117.79,117.02,118.16,117.68,2016-05-03
2016-05-04,116.96,116.5,118.3,117.79799999999999,2016-05-04
2016-05-05,117.61,117.25,119.39,118.28,2016-05-05
2016-05-09,119.26,118.79,120.28,119.56,2016-05-09
2016-05-11,119.8,119.42,121.08,119.79,2016-05-11
2016-05-13,119.89,119.0,120.64,119.82,2016-05-13
2016-05-16,118.315,117.35,120.15,118.58,2016-05-16
2016-05-17,118.2,117.2,119.19,117.7299,2016-05-17
2016-05-19,117.05,115.88,117.6,116.7044,2016-05-19
2016-05-24,117.28,116.12,117.95,117.46,2016-05-24
2016-05-25,118.18,117.38,118.665,118.3502,2016-05-25
2016-05-26,119.27,117.92,119.7601,119.52,2016-05-26
2016-06-07,117.99,117.67,119.3,118.6,2016-06-07
2016-06-08,118.4,117.27,118.6,118.39,2016-06-08
2016-06-09,118.06,117.71,118.68,118.15299999999999,2016-06-09
2016-06-10,117.86,116.26,118.11,116.96,2016-06-10
2016-06-13,113.92,113.31,116.76,114.36,2016-06-13
2016-06-16,113.14,112.94,114.5,113.96,2016-06-16
2016-06-28,112.78,109.25,112.94,111.62,2016-06-28
2016-07-01,114.55,113.81,115.13,114.01,2016-07-01
2016-07-05,113.49,112.97,114.24,113.4,2016-07-05
2016-07-06,113.1959,112.97,116.86,115.848,2016-07-06
2016-07-08,116.7222,115.8,117.5,117.024,2016-07-08
2016-07-12,117.89,117.57,118.72,117.91799999999999,2016-07-12
2016-07-13,117.0623,116.6,118.42,117.0,2016-07-13
2016-07-15,116.89,116.39,118.28,116.87,2016-07-15
2016-07-18,118.295,116.5,119.65,118.97,2016-07-18
2016-07-22,120.79,119.25,121.4,119.75,2016-07-22
2016-07-25,120.66,117.78,121.86,121.29,2016-07-25
2016-07-26,122.03,120.7,122.54,121.22,2016-07-26
2016-07-27,122.74,120.0,133.91,122.03,2016-07-27
2016-07-28,129.32,123.63,130.59,125.27,2016-07-28
2016-07-29,124.94,123.5,126.0,125.39,2016-07-29
2016-08-01,124.7,122.86,124.7,124.1365,2016-08-01
2016-08-02,122.63,122.07,124.8,122.49600000000001,2016-08-02
2016-08-03,122.685,122.31,123.92,122.48,2016-08-03
2016-08-05,125.14,124.6,125.835,125.55,2016-08-05
2016-08-08,125.55,124.55,125.7,125.025,2016-08-08
2016-08-09,125.721,124.53,126.09,125.8601,2016-08-09
2016-08-15,124.0298,123.7,125.32,123.85,2016-08-15
2016-08-16,123.6,122.78,123.92,123.52,2016-08-16
2016-08-18,124.155,123.64,124.43,123.91,2016-08-18
2016-08-22,124.54,123.11,124.83,123.86,2016-08-22
2016-08-23,124.76,124.25,125.09,124.61,2016-08-23
2016-08-25,124.145,123.1,124.37,124.05,2016-08-25
2016-08-26,124.93,123.68,125.19,124.38,2016-08-26
2016-08-29,126.3,124.35,126.73,125.7735,2016-08-29
2016-09-02,126.85,126.0,126.86,126.46,2016-09-02
2016-09-06,126.7,126.38,129.94,128.7735,2016-09-06
2016-09-07,130.34,129.45,131.98,130.98,2016-09-07
2016-09-08,130.28,129.81,131.23,130.19,2016-09-08
2016-09-12,126.95,125.3,128.97,126.855,2016-09-12
2016-09-15,128.81,127.67,129.1,128.8202,2016-09-15
2016-09-19,128.845,128.26,130.09,128.66,2016-09-19
2016-09-20,128.285,128.0307,129.17,129.0,2016-09-20
2016-09-21,129.39,128.39,130.005,129.91,2016-09-21
2016-09-22,130.31,128.1,130.73,128.35,2016-09-22
2016-09-26,127.49,126.8,128.16,127.5299,2016-09-26
2016-09-28,129.411,128.4,129.47,128.78,2016-09-28
2016-09-30,128.47,127.45,128.59,127.89,2016-09-30
2016-10-03,128.15,127.8,129.09,128.4603,2016-10-03
2016-10-04,128.38,127.5499,129.2765,129.1,2016-10-04
2016-10-05,128.75,127.83,128.8,128.15,2016-10-05
2016-10-07,129.03,128.33,129.25,128.97,2016-10-07
2016-10-10,129.49,129.15,130.7,130.55,2016-10-10
2016-10-11,128.52,128.23,130.64,128.99,2016-10-11
2016-10-12,129.255,128.46,129.66,129.19,2016-10-12
2016-10-13,127.98,126.75,128.66,127.155,2016-10-13
2016-10-17,127.68,127.32,128.47,127.696,2016-10-17
2016-10-18,128.8,128.01,129.39,129.135,2016-10-18
2016-10-19,129.8,128.5,130.47,130.06,2016-10-19
2016-10-20,130.02,129.5,130.66,130.0501,2016-10-20
2016-10-21,129.99,129.6,132.19,132.01,2016-10-21
2016-10-25,132.55,131.67,133.84,133.4,2016-10-25
2016-10-26,131.68,130.935,132.26,131.225,2016-10-26
2016-10-27,130.21,128.5,131.86,130.24,2016-10-27
2016-10-28,131.55,129.78,132.97,132.86,2016-10-28
2016-11-01,129.6,128.65,132.04,130.46,2016-11-01
2016-11-02,128.685,116.31,130.44,129.405,2016-11-02
2016-11-07,122.33,121.35,123.2089,122.485,2016-11-07
2016-11-08,121.95,121.54,124.61,122.38,2016-11-08
2016-11-09,121.5244,120.16,124.5,123.15,2016-11-09
2016-11-10,123.1,122.9,123.14,123.11,2016-11-10
2016-11-14,115.0,113.5535,119.48,116.1397,2016-11-14
2016-11-15,114.97,114.96,115.15,115.0,2016-11-15
2016-11-22,121.4627,120.9,122.98,121.69,2016-11-22
2016-11-23,121.25,121.2,121.4,121.26,2016-11-23
2016-11-25,121.07,120.07,121.25,120.24,2016-11-25
2016-11-28,120.4872,119.6,121.69,121.17,2016-11-28
2016-11-29,120.6,120.32,122.1,121.3134,2016-11-29
2016-11-30,118.5073,117.95,121.79,118.51,2016-11-30
2016-12-01,115.14,114.0,118.79,115.15,2016-12-01
2016-12-02,114.99,114.86,115.04,114.91,2016-12-02
2016-12-08,118.8039,117.6,119.5,118.72,2016-12-08
2016-12-09,118.87,118.75,118.87,118.87,2016-12-09
2016-12-12,118.4961,117.6,119.48,118.444,2016-12-12
2016-12-13,118.19,117.6,121.52,117.65,2016-12-13
2016-12-14,120.46,120.43,120.63,120.43,2016-12-14
2016-12-15,119.71,119.63,122.5,120.4627,2016-12-15
2016-12-16,120.57,120.5,120.57,120.57,2016-12-16
2016-12-19,119.89,118.51,120.36,119.685,2016-12-19
2016-12-20,119.42,119.27,119.43,119.35,2016-12-20
2016-12-23,116.38,116.3,117.59,117.055,2016-12-23
2016-12-24,117.15,117.15,117.15,117.15,2016-12-24
2016-12-27,118.49,116.86399999999999,118.68,117.98,2016-12-27
2016-12-28,117.98,117.95,118.16,118.01,2016-12-28
2016-12-30,115.0299,114.7739,116.83,115.3301,2016-12-30
2016-12-31,115.12,115.12,115.25,115.17,2016-12-31
2017-01-03,117.33,115.05,117.84,116.91,2017-01-03
2017-01-04,116.75,116.66,119.66,119.4567,2017-01-04
2017-01-05,118.51,118.3,120.95,118.65,2017-01-05
2017-01-06,122.11,120.03,123.88,123.42,2017-01-06
2017-01-07,123.33,123.33,123.4,123.35,2017-01-07
2017-01-09,123.41,123.04,125.43,124.83,2017-01-09
2017-01-10,124.925,124.28,125.5,124.6418,2017-01-10
2017-01-11,124.35,124.01,126.15,124.3,2017-01-11
2017-01-12,126.14,124.8,126.94,125.4046,2017-01-12
2017-01-13,128.66,126.89,129.27,128.9799,2017-01-13
2017-01-14,128.42,128.39,128.44,128.4,2017-01-14
2017-01-17,127.98,127.4,128.49,127.76,2017-01-17
2017-01-18,127.3692,126.84,128.43,126.94,2017-01-18
2017-01-19,127.95,127.45,128.45,128.07,2017-01-19
2017-01-20,127.11,126.78,128.48,127.95,2017-01-20
2017-01-21,127.05,127.03,127.05,127.05,2017-01-21
2017-01-23,127.635,126.64,129.25,127.69,2017-01-23
2017-01-24,129.45,128.38,129.9,129.07,2017-01-24
2017-01-25,131.125,129.1,131.74,130.94,2017-01-25
2017-01-26,132.525,131.2,133.86,132.8799,2017-01-26
2017-01-27,131.9,131.08,132.95,132.08,2017-01-27
2017-01-28,132.1,132.0,132.15,132.05,2017-01-28
2017-01-30,130.4148,129.6,132.17,130.5442,2017-01-30
2017-01-31,130.075,129.5157,131.48,130.76,2017-01-31
2017-02-01,133.35,130.32,137.99,131.68,2017-02-01
2017-02-02,131.4815,130.0,135.49,133.23,2017-02-02
2017-02-03,131.62,130.15,132.85,131.32399999999998,2017-02-03
2017-02-04,130.95,130.9,130.98,130.95,2017-02-04
2017-02-06,131.46,130.3,132.2,130.7,2017-02-06
2017-02-07,132.1402,103.0,133.0,131.97,2017-02-07
2017-02-08,134.0855,131.5,134.44,132.52,2017-02-08
2017-02-09,133.51,133.31,134.77,134.005,2017-02-09
2017-02-10,134.71,133.68,134.94,134.15,2017-02-10
2017-02-11,134.05,134.03,134.1,134.05,2017-02-11
2017-02-13,134.54,133.7,134.73,134.01,2017-02-13
2017-02-14,133.75,132.55,134.23,133.04,2017-02-14
2017-02-15,132.9665,132.66,134.1,133.18,2017-02-15
2017-02-16,133.55,133.0,133.87,133.31,2017-02-16
2017-02-17,133.425,133.07,134.0912,133.51,2017-02-17
2017-02-18,133.37,133.37,133.39,133.39,2017-02-18
2017-02-21,133.33,132.9,134.28,133.67,2017-02-21
2017-02-22,133.6,133.4,136.79,136.395,2017-02-22
2017-02-23,136.34,134.33,136.4,135.041,2017-02-23
2017-02-24,135.25,133.6,135.62,134.1,2017-02-24
2017-02-25,135.32,135.31,135.43,135.35,2017-02-25
2017-02-27,136.3,135.02,137.1846,135.22,2017-02-27
2017-02-28,136.13,134.75,136.805,135.63,2017-02-28
2017-03-01,137.37,135.25,137.48,136.2,2017-03-01
2017-03-02,136.735,136.31,137.82,136.7706,2017-03-02
2017-03-03,136.37,136.08,137.33,137.08,2017-03-03
2017-03-04,137.15,137.07,137.16,137.11,2017-03-04
2017-03-06,137.065,136.51,137.83,137.67,2017-03-06
2017-03-07,137.485,136.99,138.37,137.41,2017-03-07
2017-03-08,137.75,137.0,137.99,137.86,2017-03-08
2017-03-09,138.22,137.3,138.57,138.165,2017-03-09
2017-03-10,138.97,138.22,140.6361,138.43,2017-03-10
2017-03-11,138.71,138.71,138.78,138.75,2017-03-11
2017-03-13,139.5452,138.43,139.68,139.4901,2017-03-13
2017-03-14,138.82,138.52,139.6,138.89,2017-03-14
2017-03-15,139.3395,138.49,140.0,138.89,2017-03-15
2017-03-16,140.0,139.72,140.6,140.0,2017-03-16
2017-03-17,139.81,139.7,140.34,139.83,2017-03-17
2017-03-20,139.675,139.25,140.19,139.675,2017-03-20
2017-03-21,140.19,138.34,142.3082,140.93,2017-03-21
2017-03-22,139.07,137.6,139.79,138.1,2017-03-22
2017-03-23,139.79,139.09,140.39,139.98,2017-03-23
2017-03-24,140.18,139.5,141.0244,140.27,2017-03-24
2017-03-27,140.21,138.77,140.65,140.13,2017-03-27
2017-03-28,140.8142,140.0,141.95,141.69,2017-03-28
2017-03-29,141.88,141.43,142.86,142.14,2017-03-29
2017-03-30,142.43,141.85,142.95,142.3575,2017-03-30
2017-03-31,142.37,141.5,142.63,142.4465,2017-03-31
2017-04-03,142.04,140.82,142.47,141.16,2017-04-03
2017-04-04,141.58,141.27,142.28,141.57,2017-04-04
2017-04-05,141.55,141.29,143.44,142.7699,2017-04-05
2017-04-06,141.37,140.91,142.35,141.9391,2017-04-06
2017-04-07,141.22,140.24,141.55,140.77,2017-04-07
2017-04-10,140.95,140.63,141.43,141.1458,2017-04-10
2017-04-11,139.85,138.81,141.2,139.19,2017-04-11
2017-04-12,140.3,139.44,140.4,139.96,2017-04-12
2017-04-13,139.86,139.15,140.58,140.24,2017-04-13
2017-04-17,140.77,139.43,141.78,140.87,2017-04-17
2017-04-18,141.37,140.61,141.905,141.1299,2017-04-18
2017-04-19,142.378,141.0,143.04,142.43,2017-04-19
2017-04-20,143.78,142.48,144.25,143.92,2017-04-20
2017-04-21,143.54,143.39,144.17,143.51,2017-04-21
2017-04-24,145.2,143.68,145.69,145.38,2017-04-24
2017-04-25,146.79,145.15,147.15,147.07,2017-04-25
2017-04-26,147.48,146.09,147.59,147.06,2017-04-26
2017-04-27,149.59,146.14,149.74,147.2,2017-04-27
2017-04-28,149.98,149.05,151.53,149.8755,2017-04-28
2017-05-01,151.74,150.55,152.65,152.421,2017-05-01
2017-05-02,152.71,151.66,153.44,152.73,2017-05-02
2017-05-03,152.0269,145.45,154.85,151.97,2017-05-03
2017-05-04,150.72,148.72,151.8,149.4,2017-05-04
2017-05-05,150.1,149.79,151.63,150.1984,2017-05-05
2017-05-06,150.15,150.15,150.15,150.15,2017-05-06
2017-05-08,150.75,149.74,151.15,150.615,2017-05-08
2017-05-09,150.84,150.12,152.59,150.6144,2017-05-09
2017-05-10,149.77,148.86,151.35,150.105,2017-05-10
2017-05-11,150.63,149.41,151.56,149.9834,2017-05-11
2017-05-12,150.0836,149.63,150.5,150.0222,2017-05-12
2017-05-15,150.61,149.77,151.48,150.05,2017-05-15
2017-05-16,149.17,149.03,150.83,149.505,2017-05-16
2017-05-17,147.7,144.4216,149.11,147.2826,2017-05-17
2017-05-18,147.0,143.6,148.25,146.9826,2017-05-18
2017-05-19,148.82,147.87,149.39,148.65,2017-05-19
2017-05-22,148.2,147.69,148.75,148.24,2017-05-22
2017-05-23,147.8799,147.25,148.81,147.355,2017-05-23
2017-05-24,149.71,139.97,150.23,149.36,2017-05-24
2017-05-25,150.34,149.95,152.59,152.52,2017-05-25
2017-05-26,151.4835,151.15,152.25,151.6395,2017-05-26
2017-05-30,152.68,151.64,152.9,152.51,2017-05-30
2017-05-31,151.49,151.09,153.35,151.63,2017-05-31
2017-06-01,151.315,150.3,152.29,151.33,2017-06-01
2017-06-02,153.51,151.23,153.64,151.51,2017-06-02
2017-06-05,153.74,153.02,154.7088,153.65,2017-06-05
2017-06-06,153.845,152.48,154.52,153.2,2017-06-06
2017-06-07,153.35,152.34,153.75,153.25,2017-06-07
2017-06-08,153.7,153.1,154.75,154.04,2017-06-08
2017-06-09,149.67,146.61,155.59,149.66,2017-06-09
2017-06-12,148.0952,144.56,149.5,148.7,2017-06-12
2017-06-13,149.8,148.82,151.18,150.91,2017-06-13
2017-06-14,151.525,149.05,152.4,151.0,2017-06-14
2017-06-15,148.66,146.3747,150.0366,147.7,2017-06-15
2017-06-16,150.11,148.6,150.9,149.0416,2017-06-16
2017-06-19,152.9,151.0,153.57,152.85,2017-06-19
2017-06-20,152.74,152.19,153.84,153.15,2017-06-20
2017-06-21,152.35,151.75,154.08,153.1464,2017-06-21
2017-06-22,153.77,152.91,154.55,153.86,2017-06-22
2017-06-23,154.23,152.65,155.24,154.51,2017-06-23
2017-06-26,154.78,153.1954,156.5,153.68,2017-06-26
2017-06-27,153.15,150.39,153.66,151.05,2017-06-27
2017-06-28,150.1,149.2,153.59,153.04,2017-06-28
2017-06-29,151.45,148.9175,153.4,150.81,2017-06-29
2017-06-30,151.05,150.06,152.1,151.36,2017-06-30
2017-07-03,148.33,147.8,152.15,151.75,2017-07-03
2017-07-05,149.79,147.8,150.85,149.23,2017-07-05
2017-07-06,148.65,148.0,150.36,149.12,2017-07-06
2017-07-07,151.23,148.4,151.99,151.48,2017-07-07
2017-07-10,153.845,151.47,153.98,153.44,2017-07-10
2017-07-11,154.1601,152.91,155.4225,153.01,2017-07-11
2017-07-12,157.7,155.32,159.16,156.28,2017-07-12
2017-07-13,159.24,158.4227,159.78,159.39,2017-07-13
2017-07-14,160.09,159.02,160.32,159.99,2017-07-14
2017-07-17,160.25,158.81,160.78,160.44,2017-07-17
2017-07-18,159.89,158.75,163.73,162.75,2017-07-18
2017-07-19,164.83,162.98,165.7,163.35,2017-07-19
2017-07-20,164.32,162.81,165.14,164.7,2017-07-20
2017-07-21,164.19,163.45,165.05,164.65,2017-07-21
2017-07-24,165.0,164.15,166.5,164.99,2017-07-24
2017-07-25,165.08,163.8619,165.85,165.72,2017-07-25
2017-07-26,164.81,158.0,173.39,171.25,2017-07-26
2017-07-27,172.55,167.5,179.21,171.14,2017-07-27
2017-07-28,172.45,169.05,173.43,172.4,2017-07-28
2017-07-31,172.2162,168.55,172.72,170.0763,2017-07-31
2017-08-01,170.6,168.85,171.05,170.29,2017-08-01
2017-08-02,169.15,166.91,170.9,168.69,2017-08-02
2017-08-03,168.325,168.25,169.7,168.92,2017-08-03
2017-08-04,169.21,168.59,170.06,169.63,2017-08-04
2017-08-07,171.86,169.66,172.25,171.7289,2017-08-07
2017-08-08,171.87,170.4,173.05,172.62,2017-08-08
2017-08-09,171.2299,169.56,171.45,169.9,2017-08-09
2017-08-10,167.7818,166.5,170.73,168.33,2017-08-10
2017-08-11,168.41,166.0,169.18,167.86,2017-08-11
2017-08-14,169.7,168.08,171.08,170.82,2017-08-14
2017-08-15,171.5,170.01,171.6,171.5,2017-08-15
2017-08-16,170.45,169.24,171.97,170.0,2017-08-16
2017-08-17,169.64,166.61,170.0,166.9,2017-08-17
2017-08-18,167.44,166.21,168.67,167.62,2017-08-18
2017-08-21,167.8,165.82,168.0,167.56,2017-08-21
2017-08-22,169.33,167.15,169.87,168.45,2017-08-22
2017-08-23,168.8258,168.2,169.5,169.35,2017-08-23
2017-08-24,168.05,166.41,169.5,167.74,2017-08-24
2017-08-25,166.84,166.0,168.5,166.5,2017-08-25
2017-08-28,166.22,165.88,167.7,166.5,2017-08-28
2017-08-29,166.22,165.0,168.425,168.1,2017-08-29
2017-08-30,169.73,167.63,170.18,168.65,2017-08-30
2017-08-31,170.46,170.05,172.145,171.9001,2017-08-31
2017-09-01,172.29,171.31,172.915,172.39,2017-09-01
2017-09-05,170.72,169.55,172.3875,170.6804,2017-09-05
2017-09-06,171.35,169.57,172.48,170.02,2017-09-06
2017-09-07,170.4,170.27,173.3067,173.19,2017-09-07
2017-09-08,172.8499,170.8,173.49,171.3,2017-09-08
2017-09-11,173.15,171.99,173.89,173.16,2017-09-11
2017-09-12,172.28,171.75,174.0,172.824,2017-09-12
2017-09-13,172.66,172.06,173.17,172.7969,2017-09-13
2017-09-14,170.83,170.45,172.9,171.105,2017-09-14
2017-09-15,171.72,170.26,172.34,171.52,2017-09-15
2017-09-18,172.15,169.34,172.4,171.4999,2017-09-18
2017-09-19,171.69,170.36,172.56,170.4,2017-09-19
2017-09-20,171.8119,170.7,173.05,172.28,2017-09-20
2017-09-21,171.89,170.01,172.6,172.005,2017-09-21
2017-09-22,170.09,169.1,171.73,170.03,2017-09-22
2017-09-25,164.7,161.56,170.52,162.7638,2017-09-25
2017-09-26,165.045,162.78,165.5,164.35,2017-09-26
2017-09-27,167.8,164.85,168.34,168.15,2017-09-27
2017-09-28,168.58,167.16,169.0696,167.89,2017-09-28
2017-09-29,169.0,168.8,171.66,169.7,2017-09-29
2017-10-02,169.35,168.75,171.87,171.11,2017-10-02
2017-10-03,170.02,169.12,170.73,170.4,2017-10-03
2017-10-04,169.62,168.0,170.67,168.48,2017-10-04
2017-10-05,171.13,168.55,171.34,170.7629,2017-10-05
2017-10-06,171.67,169.75,172.37,171.09,2017-10-06
2017-10-09,174.03,172.0,174.88,172.54,2017-10-09
2017-10-10,171.81,170.8,173.22,171.917,2017-10-10
2017-10-11,171.77,171.4,172.78,172.16,2017-10-11
2017-10-12,173.4,172.29,173.85,173.38,2017-10-12
2017-10-13,173.94,172.8,174.65,174.6014,2017-10-13
2017-10-16,174.395,174.06,175.0,174.18,2017-10-16
2017-10-17,175.16,174.36,176.4,175.0908,2017-10-17
2017-10-18,176.55,175.75,176.89,176.19,2017-10-18
2017-10-19,174.44,172.63,176.46,174.12,2017-10-19
2017-10-20,175.0,174.63,175.88,175.0393,2017-10-20
2017-10-23,172.9399,171.25,175.74,174.5105,2017-10-23
2017-10-24,172.68,171.42,173.24,171.78,2017-10-24
2017-10-25,169.94,168.89,172.25,169.86,2017-10-25
2017-10-26,171.91,170.39,173.6,171.13,2017-10-26
2017-10-27,177.5034,173.3,178.21,176.08599999999998,2017-10-27
2017-10-30,179.8,177.61,180.69,178.95,2017-10-30
2017-10-31,179.63,178.94,180.86,180.4932,2017-10-31
2017-11-01,181.3644,178.6,188.0,180.925,2017-11-01
2017-11-02,178.0895,177.34,182.66,182.38,2017-11-02
2017-11-03,177.64,176.71,179.86,179.5953,2017-11-03
2017-11-06,179.82,178.01,180.45,180.28,2017-11-06
2017-11-07,180.17,178.96,180.7478,180.47,2017-11-07
2017-11-08,180.0,179.11,180.35,179.75,2017-11-08
2017-11-09,177.8972,177.09,179.64,178.6501,2017-11-09
2017-11-10,178.48,177.93,179.3,178.5056,2017-11-10
2017-11-11,178.15,178.05,178.15,178.05,2017-11-11
2017-11-13,178.6,177.3,179.04,178.77,2017-11-13
2017-11-14,178.5768,177.18,179.15,178.07,2017-11-14
2017-11-15,178.26,176.06,178.57,178.09,2017-11-15
2017-11-16,179.2457,178.27,179.83,179.2,2017-11-16
2017-11-17,179.64,178.7,179.98,179.6888,2017-11-17
2017-11-18,178.9,178.85,178.9,178.87,2017-11-18
2017-11-20,178.75,178.1,179.5,178.92,2017-11-20
2017-11-21,181.22,178.6,181.9,181.4,2017-11-21
2017-11-22,180.68,180.44,182.08,180.99,2017-11-22
2017-11-23,180.7,180.62,180.78,180.78,2017-11-23
2017-11-24,182.72099999999998,180.2,183.15,182.6499,2017-11-24
2017-11-27,183.59,181.99,183.73,183.04,2017-11-27
2017-11-28,183.6,182.09,184.25,182.9355,2017-11-28
2017-11-29,175.5116,174.0,182.45,175.25,2017-11-29
2017-11-30,176.48,175.13,178.275,177.5,2017-11-30
2017-12-01,175.97,172.34,177.48,174.75,2017-12-01
2017-12-02,174.95,174.85,175.0,174.95,2017-12-02
2017-12-04,173.88,0.0,176.7,173.42,2017-12-04
2017-12-05,173.62,0.0,175.38,170.75,2017-12-05
2017-12-06,174.83,0.0,176.77,176.0,2017-12-06
2017-12-07,180.3,175.8,180.39,179.02,2017-12-07
2017-12-08,179.03,178.7401,182.28,180.73,2017-12-08
2017-12-09,179.2,179.2,179.35,179.25,2017-12-09
2017-12-11,179.78,178.8,180.22,179.2,2017-12-11
2017-12-12,178.1616,0.0,179.24,177.25099999999998,2017-12-12
2017-12-13,178.38,0.0,179.16,178.38,2017-12-13
2017-12-14,178.55,0.0,180.3601,179.95,2017-12-14
2017-12-15,180.01,0.0,180.4934,179.89,2017-12-15
2017-12-16,180.15,180.1,180.26,180.2,2017-12-16
2017-12-18,180.44,0.0,181.5,180.78,2017-12-18
2017-12-19,178.99,0.0,181.0,180.02,2017-12-19
2017-12-20,179.17,0.0,180.3,177.92,2017-12-20
2017-12-21,177.92,0.0,178.68,178.32,2017-12-21
2017-12-22,177.55,176.23,177.75,176.87,2017-12-22
2017-12-23,177.0,177.0,177.13,177.13,2017-12-23
2017-12-26,176.39,0.0,177.0,176.5,2017-12-26
2017-12-27,176.4,0.0,178.44,177.55,2017-12-27
2017-12-28,178.54,177.64,178.9367,177.89,2017-12-28
2017-12-29,177.2209,176.05,178.85,177.05,2017-12-29
2017-12-30,176.35,176.3,176.49,176.4,2017-12-30
2018-01-02,181.49,176.29,181.62,181.275,2018-01-02
2018-01-03,181.8,181.33,184.78,182.8497,2018-01-03
2018-01-04,184.65,184.0996,186.21,184.8,2018-01-04
2018-01-05,185.25,184.49,186.99,185.73,2018-01-05
2018-01-06,187.0,186.92,187.0,187.0,2018-01-06
2018-01-08,188.43,186.33,188.9,188.02,2018-01-08
2018-01-09,187.95,187.1,188.8,188.16,2018-01-09
2018-01-10,187.48,185.63,187.97,187.55,2018-01-10
2018-01-11,187.79,187.38,188.5,187.56,2018-01-11
2018-01-12,179.8,177.0,187.78,180.2034,2018-01-12
2018-01-13,179.79,179.76,179.85,179.84,2018-01-13
2018-01-16,180.8,178.04,182.3,179.54,2018-01-16
2018-01-17,178.95,175.8,179.32,179.16,2018-01-17
2018-01-18,177.6,177.08,180.98,178.635,2018-01-18
2018-01-19,180.38,179.56,182.37,179.74,2018-01-19
2018-01-20,181.33,181.26,181.35,181.3,2018-01-20
2018-01-22,183.87,180.41,186.5,183.4418,2018-01-22
2018-01-23,188.11,185.35,189.55,188.1,2018-01-23
2018-01-24,186.9,186.52,190.66,188.93,2018-01-24
2018-01-25,188.21,186.6,188.62,187.62099999999998,2018-01-25
2018-01-26,187.4,186.81,190.05,188.08,2018-01-26
2018-01-27,189.89,189.55,189.9,189.8,2018-01-27
2018-01-29,188.17,185.6301,189.85,186.54,2018-01-29
2018-01-30,187.53,181.84,188.18,186.76,2018-01-30
2018-01-31,189.85,177.1,194.68,188.84,2018-01-31
2018-02-01,188.42,186.89,195.32,193.8499,2018-02-01
2018-02-02,193.65,189.39,194.21,192.5,2018-02-02
2018-02-03,189.35,189.1,190.28,189.55,2018-02-03
2018-02-05,189.43,178.6,190.61,184.61,2018-02-05
2018-02-06,181.04,176.25,185.77,184.57,2018-02-06
2018-02-07,182.58,178.9,185.14,181.39,2018-02-07
2018-02-08,179.1,171.4815,181.84,180.0,2018-02-08
2018-02-09,173.0336,167.18,176.9,172.4,2018-02-09
2018-02-10,176.49,176.26,176.5,176.45,2018-02-10
2018-02-12,174.67,171.84,178.69,175.6444,2018-02-12
2018-02-13,174.77,173.1,176.55,173.44,2018-02-13
2018-02-14,179.11,172.25,179.81,177.8264,2018-02-14
2018-02-15,180.55,176.84,180.8,177.6162,2018-02-15
2018-02-16,180.18,176.3,181.1,177.515,2018-02-16
2018-02-17,177.1,177.0,177.2,177.2,2018-02-17
2018-02-20,177.83,175.11,177.95,176.07,2018-02-20
2018-02-21,177.75,175.8,181.27,180.1897,2018-02-21
2018-02-22,178.3432,177.0,180.21,177.3,2018-02-22
2018-02-23,183.0149,179.32,183.61,179.36,2018-02-23
2018-02-24,183.35,183.18,183.4,183.3,2018-02-24
2018-02-26,184.39,183.2228,185.66,185.43,2018-02-26
2018-02-27,184.7,181.46,185.02,182.53,2018-02-27
2018-02-28,178.82,178.14,182.88,182.3,2018-02-28
2018-03-01,177.47,174.41,180.12,177.92,2018-03-01
2018-03-02,176.75,172.99,177.11,175.72,2018-03-02
2018-03-03,176.66,176.66,176.83,176.83,2018-03-03
2018-03-05,180.37,175.89,181.1475,180.73,2018-03-05
2018-03-06,180.245,177.15,182.38,181.5,2018-03-06
2018-03-07,180.88,177.06,183.82,180.8099,2018-03-07
2018-03-08,181.925,181.45,184.4,182.25,2018-03-08
2018-03-09,183.27,182.15,185.51,184.05,2018-03-09
2018-03-10,184.74,184.5,184.74,184.63,2018-03-10
2018-03-12,185.04,184.22,186.1,184.95,2018-03-12
2018-03-13,181.8,180.55,185.99,181.83,2018-03-13
2018-03-14,183.07,181.85,184.25,182.62,2018-03-14
2018-03-15,182.46,182.19,184.19,184.14,2018-03-15
2018-03-16,183.75,183.41,185.33,184.81,2018-03-16
2018-03-19,172.62,170.0,184.0,173.26,2018-03-19
2018-03-20,166.9,161.95,172.7,163.0318,2018-03-20
2018-03-21,169.23,163.3,173.4,171.39,2018-03-21
2018-03-22,165.18,162.51,170.27,165.2139,2018-03-22
2018-03-23,162.88,158.8,167.1,162.7248,2018-03-23
2018-03-26,161.12,149.02,161.44,156.47,2018-03-26
2018-03-27,162.7448,150.75,162.85,152.1,2018-03-27
2018-03-28,152.22,150.0,155.88,152.99,2018-03-28
2018-03-29,159.15,154.0,161.42,160.55,2018-03-29
2018-04-02,159.45,154.111,160.06,155.2,2018-04-02
2018-04-03,156.0,150.81,157.49,156.75,2018-04-03
2018-04-04,152.8,150.49,160.7,152.14,2018-04-04
2018-04-05,159.66,156.6,161.6,156.67,2018-04-05
2018-04-06,159.42,156.8,161.42,157.85,2018-04-06
2018-04-09,156.41,156.04,160.53,157.93,2018-04-09
2018-04-10,159.38,157.01,165.98,161.75,2018-04-10
2018-04-11,167.135,162.81,168.65,164.0,2018-04-11
2018-04-12,166.9,163.1,168.36,165.19299999999998,2018-04-12
2018-04-13,164.4,163.5,165.7036,164.93,2018-04-13
2018-04-16,165.1,163.39,165.99,165.2301,2018-04-16
2018-04-17,166.13,165.2,169.0,165.91,2018-04-17
2018-04-18,166.76,165.77,169.3,167.54,2018-04-18
2018-04-19,167.6,165.2,168.35,168.15,2018-04-19
2018-04-20,166.69,165.81,168.43,168.03,2018-04-20
2018-04-23,165.78,165.05,168.45,165.8,2018-04-23
2018-04-24,160.0,158.19,167.48,160.105,2018-04-24
2018-04-25,170.55,156.19,172.1,159.635,2018-04-25
2018-04-26,171.55,168.8,176.27,170.06,2018-04-26
2018-04-27,175.39,172.6,177.7,175.5,2018-04-27
2018-04-30,175.4633,171.5,175.72,171.8,2018-04-30
2018-05-01,172.45,170.23,174.78,170.82,2018-05-01
2018-05-02,174.38,173.5,178.08,175.77,2018-05-02
2018-05-03,173.18,172.12,176.5,174.35,2018-05-03
2018-05-04,176.11,173.06,176.98,175.885,2018-05-04
2018-05-07,179.13,177.03,179.5,178.64,2018-05-07
2018-05-08,178.39,176.91,179.04,178.24,2018-05-08
2018-05-09,182.58,178.7807,183.01,179.58,2018-05-09
2018-05-10,185.5,182.5,186.1292,183.04,2018-05-10
2018-05-11,186.669,184.18,188.32,186.57,2018-05-11
2018-05-14,186.93,186.2,187.98,187.235,2018-05-14
2018-05-15,183.935,183.2,186.18,183.7,2018-05-15
2018-05-16,183.51,182.66,184.7,182.97,2018-05-16
2018-05-17,183.425,182.22,184.06,183.345,2018-05-17
2018-05-18,183.08,182.52,184.19,183.34,2018-05-18
2018-05-21,183.86,182.68,185.3,184.5352,2018-05-21
2018-05-22,183.995,183.43,185.42,185.02,2018-05-22
2018-05-23,183.78,181.75,186.91,182.75,2018-05-23
2018-05-24,185.98,185.03,187.25,186.27,2018-05-24
2018-05-25,185.47,184.45,186.33,184.76,2018-05-25
2018-05-29,185.5501,183.12,186.81,186.084,2018-05-29
2018-05-30,186.02,185.25,188.0,187.37,2018-05-30
2018-05-31,191.8,187.31,192.72,187.55,2018-05-31
2018-06-01,193.6897,191.78,194.5492,193.0,2018-06-01
2018-06-04,193.21,190.3,194.4,193.45,2018-06-04
2018-06-05,192.87,192.0,195.0,193.99,2018-06-05
2018-06-06,191.25,189.11,192.53,189.98,2018-06-06
2018-06-07,187.45,186.77,191.6,191.58,2018-06-07
2018-06-08,188.95,178.18,197.09,187.5,2018-06-08
2018-06-11,189.82,188.4,192.6,191.9,2018-06-11
2018-06-12,192.14,191.5,193.28,192.46,2018-06-12
2018-06-13,193.21,191.91,194.5,193.4333,2018-06-13
2018-06-14,196.7605,191.5,197.28,196.01,2018-06-14
2018-06-15,196.768,194.64,197.07,196.44,2018-06-15
2018-06-18,197.986,194.13,199.58,194.67,2018-06-18
2018-06-19,195.8052,193.79,197.96,196.3999,2018-06-19
2018-06-20,199.926,197.51,203.55,202.0,2018-06-20
2018-06-21,202.8216,200.09,203.39,201.43,2018-06-21
2018-06-22,201.7667,199.31,202.4,200.22,2018-06-22
2018-06-25,195.13,193.11,201.74,195.65,2018-06-25
2018-06-26,196.9,196.23,199.4,198.58,2018-06-26
2018-06-27,196.01,195.62,200.75,198.82,2018-06-27
2018-06-28,195.7,193.26,197.34,196.27,2018-06-28
2018-06-29,194.49,193.955,198.56,194.32,2018-06-29
2018-07-02,194.87,192.22,197.45,194.79,2018-07-02
2018-07-03,193.21,192.52,195.82,194.85,2018-07-03
2018-07-05,195.31,193.42,198.7599,194.3,2018-07-05
2018-07-06,198.49,197.3,203.64,199.95,2018-07-06
2018-07-09,204.6999,202.1201,205.8,204.24,2018-07-09
2018-07-10,202.57,201.25,205.24,202.6,2018-07-10
2018-07-11,203.4772,201.2,204.5,203.66,2018-07-11
2018-07-12,206.2,203.16,207.25,206.4078,2018-07-12
2018-07-13,207.43,206.45,208.43,207.2101,2018-07-13
2018-07-16,205.3,204.6,208.72,204.89,2018-07-16
2018-07-17,209.7,204.1,210.46,208.7198,2018-07-17
2018-07-18,209.44,208.44,210.99,209.88,2018-07-18
2018-07-19,208.66,207.76,209.99,208.56,2018-07-19
2018-07-20,209.72,208.5,211.5,210.269,2018-07-20
2018-07-23,210.8,208.8,214.72,210.8,2018-07-23
2018-07-24,214.5,212.6,216.2,214.77,2018-07-24
2018-07-25,214.93,164.3,219.0,217.66,2018-07-25
2018-07-26,180.78,169.0,185.0,176.9,2018-07-26
2018-07-27,173.75,173.0,180.6,177.5201,2018-07-27
2018-07-30,174.89,166.56,175.36,167.794,2018-07-30
2018-07-31,173.23,170.0,174.24,172.68,2018-07-31
2018-08-01,173.16,170.9,175.08,171.63,2018-08-01
2018-08-02,176.45,169.9,176.79,171.921,2018-08-02
2018-08-03,177.5,176.15,178.85,178.52,2018-08-03
2018-08-06,185.63,177.78,185.8,185.74,2018-08-06
2018-08-07,185.41,183.72,188.3,186.66,2018-08-07
2018-08-08,185.2458,183.76,186.85,185.9055,2018-08-08
2018-08-09,185.86,182.48,186.57,185.05,2018-08-09
2018-08-10,180.26,179.42,182.75,180.3444,2018-08-10
2018-08-13,178.72,178.7,182.61,182.27,2018-08-13
2018-08-14,180.99,178.62,181.99,180.7825,2018-08-14
2018-08-15,178.00900000000001,174.78,181.1,180.19799999999998,2018-08-15
2018-08-16,179.99,174.01,181.32,180.79,2018-08-16
2018-08-17,173.49,172.04,176.22,173.5899,2018-08-17
2018-08-20,172.92,170.91,174.89,174.1853,2018-08-20
2018-08-21,173.215,171.39,174.17,172.88,2018-08-21
2018-08-22,172.26,171.88,174.24,172.7797,2018-08-22
2018-08-23,173.4,172.26,175.55,174.1905,2018-08-23
2018-08-24,174.75,172.92,174.82,173.45,2018-08-24
2018-08-27,177.28,175.05,178.67,177.9,2018-08-27
2018-08-28,176.3,175.83,178.58,177.16,2018-08-28
2018-08-29,176.39,174.75,176.91,175.54,2018-08-29
2018-08-30,178.82,175.2,179.7901,179.41,2018-08-30
2018-08-31,175.95,174.9815,177.9499,175.37,2018-08-31
2018-09-04,171.4152,168.8,175.97,171.07,2018-09-04
2018-09-05,167.18,166.67,171.27,167.6099,2018-09-05
2018-09-06,161.8055,160.0,167.8,162.0,2018-09-06
2018-09-07,163.34,160.16,164.6269,161.01,2018-09-07
2018-09-10,164.18,162.16,165.01,164.33,2018-09-10
2018-09-11,166.26,163.2,167.19,166.5425,2018-09-11
2018-09-12,162.15,161.57,166.29,162.2431,2018-09-12
2018-09-13,161.81,160.86,163.32,161.59,2018-09-13
2018-09-14,162.17,160.34,162.84,160.5638,2018-09-14
2018-09-17,160.82,159.51,162.13,160.73,2018-09-17
2018-09-18,161.21,158.26,161.7639,160.54,2018-09-18
2018-09-19,161.35,159.3,163.5,162.99,2018-09-19
2018-09-20,163.78,163.0,166.45,165.62,2018-09-20
2018-09-21,162.8,162.42,167.25,166.29,2018-09-21
2018-09-24,163.73,160.84,165.7,164.67,2018-09-24
2018-09-25,165.206,160.07,165.59,165.53,2018-09-25
2018-09-26,165.0,163.99,169.3,166.03,2018-09-26
2018-09-27,168.7999,167.0,171.77,167.9,2018-09-27
2018-09-28,167.4,162.56,169.0,167.19,2018-09-28
2018-10-01,163.3251,161.26,165.88,162.4001,2018-10-01
2018-10-02,160.2,158.67,162.28,160.02,2018-10-02
2018-10-03,160.51,159.34,163.66,162.21,2018-10-03
2018-10-04,157.87,157.35,162.04,158.55,2018-10-04
2018-10-05,159.5,156.2,160.9,157.03,2018-10-05
2018-10-08,157.2,154.39,158.34,157.3596,2018-10-08
2018-10-09,160.08,156.02,160.59,158.12,2018-10-09
2018-10-10,152.62,149.65,158.5,151.21,2018-10-10
2018-10-11,150.2,148.02,155.46,155.2,2018-10-11
2018-10-12,153.42,151.2998,157.0,153.8706,2018-10-12
2018-10-15,153.2,152.0,155.57,154.93,2018-10-15
2018-10-16,157.92,153.99,160.5,157.53,2018-10-16
2018-10-17,159.14,157.95,160.49,158.97,2018-10-17
2018-10-18,154.57,153.28,159.42,155.28,2018-10-18
2018-10-19,156.4,153.55,157.35,154.94,2018-10-19
2018-10-22,155.0,154.37,157.34,154.58,2018-10-22
2018-10-23,154.33,150.85,154.77,154.57,2018-10-23
2018-10-24,146.9,145.6,154.9899,148.08,2018-10-24
2018-10-25,148.0,146.62,152.21,149.16,2018-10-25
2018-10-26,145.72,143.8,149.0,145.09,2018-10-26
2018-10-29,147.9,139.03,148.83,142.67,2018-10-29
2018-10-30,143.49,136.4,154.45,142.09,2018-10-30
2018-10-31,151.54,148.96,156.4,155.7,2018-10-31
2018-11-01,150.6,149.35,153.2999,150.53,2018-11-01
2018-11-02,152.79,148.96,154.13,152.99,2018-11-02
2018-11-05,148.4,147.44,150.85,149.0749,2018-11-05
2018-11-06,150.415,147.41,150.97,149.94,2018-11-06
2018-11-07,151.51,149.63,153.01,152.755,2018-11-07
2018-11-08,150.45,146.74,151.56,147.7041,2018-11-08
2018-11-09,147.5,144.07,147.79,146.46,2018-11-09
2018-11-10,144.95,144.91,145.0,144.93,2018-11-10
2018-11-12,141.5754,140.4899,145.6,141.12,2018-11-12
2018-11-13,142.75,140.73,144.88,140.8,2018-11-13
2018-11-14,144.1,141.38,145.58,143.28,2018-11-14
2018-11-15,143.47,140.83,144.84,141.52,2018-11-15
2018-11-16,138.98,137.77,143.5,139.5,2018-11-16
2018-11-17,139.22,139.2,139.5,139.5,2018-11-17
2018-11-19,131.67,130.92,140.25,135.8001,2018-11-19
2018-11-20,130.9288,126.71,134.1592,130.85,2018-11-20
2018-11-21,136.16,131.65,137.19,134.46,2018-11-21
2018-11-22,134.9,134.82,135.19,135.0,2018-11-22
2018-11-23,131.3298,131.1,134.5,133.87,2018-11-23
2018-11-26,135.42,132.63,137.0,135.7934,2018-11-26
2018-11-27,135.4,133.71,136.75,135.54,2018-11-27
2018-11-28,136.38,131.85,136.7899,133.3,2018-11-28
2018-11-29,137.1965,135.2,139.99,135.69,2018-11-29
2018-11-30,137.84,137.36,141.27,138.03,2018-11-30
2018-12-01,140.97,140.8,140.98,140.98,2018-12-01
2018-12-03,143.36,140.61,145.25,142.62,2018-12-03
2018-12-04,140.4,137.16,143.39,139.82,2018-12-04
2018-12-05,138.28,138.0,138.47,138.2,2018-12-05
2018-12-06,133.02,132.4,140.0,133.4,2018-12-06
2018-12-07,139.23,136.6566,140.87,138.28,2018-12-07
2018-12-08,138.1,137.8,138.4,138.2,2018-12-08
2018-12-10,140.4,136.86,143.05,139.2,2018-12-10
2018-12-11,142.56,141.1,144.25,143.04,2018-12-11
2018-12-12,144.57,141.71,147.19,142.48,2018-12-12
2018-12-13,143.93,143.19,146.4,144.275,2018-12-13
2018-12-14,144.7664,142.4,146.01,145.425,2018-12-14
2018-12-15,144.1,143.8,144.1,144.0,2018-12-15
2018-12-17,140.65,138.42,145.15,144.05,2018-12-17
2018-12-18,141.7089,139.8301,145.93,141.5,2018-12-18
2018-12-19,133.84,131.68,144.91,141.28,2018-12-19
2018-12-20,131.73,130.0,135.57,133.19,2018-12-20
2018-12-21,126.12,123.42,134.9,133.279,2018-12-21
2018-12-22,124.2,124.13,124.5,124.25,2018-12-22
2018-12-24,126.2412,122.55,129.74,125.575,2018-12-24
2018-12-26,131.75,124.0,134.54,134.0,2018-12-26
2018-12-27,133.4107,129.67,134.99,130.88,2018-12-27
2018-12-28,134.119,132.2,136.0,133.4404,2018-12-28
2018-12-29,133.11,133.03,133.4,133.05,2018-12-29
2018-12-31,130.76,129.95,135.08,130.19,2018-12-31
2019-01-01,130.66,130.55,131.0,130.58,2019-01-01
2019-01-02,136.06,127.0,137.51,132.85,2019-01-02
2019-01-03,134.15,131.12,137.17,133.75,2019-01-03
2019-01-04,135.1,131.12,138.27,137.39,2019-01-04
2019-01-05,138.39,138.15,138.48,138.3,2019-01-05
2019-01-07,138.4243,135.91,138.87,137.69,2019-01-07
2019-01-08,140.64,137.8,143.25,141.06,2019-01-08
2019-01-09,143.77,141.27,144.7,142.97,2019-01-09
2019-01-10,144.08,140.84,144.56,142.81,2019-01-10
2019-01-11,143.25,142.57,145.36,143.9,2019-01-11
2019-01-12,143.7,143.53,143.96,143.8,2019-01-12
2019-01-14,144.08,141.27,146.57,142.53,2019-01-14
2019-01-15,149.39,145.3,150.68,149.27,2019-01-15
2019-01-16,148.39,146.9975,149.83,147.4,2019-01-16
2019-01-17,147.3,146.1,149.0,148.9,2019-01-17
2019-01-18,149.05,147.81,152.43,151.7492,2019-01-18
2019-01-19,150.17,150.17,150.25,150.2,2019-01-19
2019-01-22,147.72,146.37,151.53,149.41,2019-01-22
2019-01-23,143.5197,143.055,148.8,147.95,2019-01-23
2019-01-24,145.11,142.52,146.44,143.6,2019-01-24
2019-01-25,147.38,145.51,149.83,148.65,2019-01-25
2019-01-26,149.27,149.17,149.29,149.29,2019-01-26
2019-01-28,147.21,146.21,149.0,148.6,2019-01-28
2019-01-29,145.71,143.43,148.39,144.17,2019-01-29
2019-01-30,145.37,145.02,169.68,150.4832,2019-01-30
2019-01-31,169.75,165.0,171.68,167.005,2019-01-31
2019-02-01,166.43,165.35,169.1,168.81,2019-02-01
2019-02-02,165.85,165.66,165.94,165.76,2019-02-02
2019-02-04,169.01,163.62,169.85,168.8101,2019-02-04
2019-02-05,170.77,168.15,171.98,168.6,2019-02-05
2019-02-06,169.35,169.27,172.47,169.8865,2019-02-06
2019-02-07,165.69,165.25,170.35,165.7369,2019-02-07
2019-02-08,164.925,164.19,167.49,166.5909,2019-02-08
2019-02-09,167.4,167.29,167.4,167.3,2019-02-09
2019-02-11,165.77,165.08,168.6,168.38,2019-02-11
2019-02-12,166.84,164.5,168.34,165.47,2019-02-12
2019-02-13,165.14,163.73,166.22,165.15,2019-02-13
2019-02-14,163.36,162.2468,164.8697,163.46,2019-02-14
2019-02-15,163.78,160.86,165.1,162.78,2019-02-15
2019-02-16,162.4,162.36,162.47,162.47,2019-02-16
2019-02-19,163.05,160.33,164.15,162.08,2019-02-19
2019-02-20,162.315,161.25,163.72,163.02,2019-02-20
2019-02-21,160.48,159.59,163.0,159.79,2019-02-21
2019-02-22,161.7,159.97,162.41,161.8,2019-02-22
2019-02-23,161.83,161.53,161.85,161.85,2019-02-23
2019-02-25,164.54,161.98,166.07,165.6878,2019-02-25
2019-02-26,164.78,163.71,166.24,163.9,2019-02-26
2019-02-27,162.51,160.41,164.06,163.95,2019-02-27
2019-02-28,161.3,160.86,163.5,161.5,2019-02-28
2019-03-01,162.8,161.4,163.132,161.84,2019-03-01
2019-03-02,162.83,162.81,162.89,162.82,2019-03-02
2019-03-04,165.1,162.85,167.5,165.89,2019-03-04
2019-03-05,167.32,166.55,172.25,171.66,2019-03-05
2019-03-06,172.0,171.27,173.57,171.84,2019-03-06
2019-03-07,169.7474,167.61,172.64,172.17,2019-03-07
2019-03-08,169.77,165.79,169.92,168.21,2019-03-08
2019-03-09,169.76,169.76,169.85,169.81,2019-03-09
2019-03-11,172.05,171.0,174.3,172.44,2019-03-11
2019-03-12,172.1816,171.2178,173.8,172.0,2019-03-12
2019-03-13,170.81,170.11,174.03,173.85,2019-03-13
2019-03-14,170.5,166.55,171.79,169.535,2019-03-14
2019-03-15,166.17,162.51,170.6,168.01,2019-03-15
2019-03-18,160.02,159.28,166.45,164.45,2019-03-18
2019-03-19,163.05,160.82,163.82,161.38,2019-03-19
2019-03-20,165.35,161.1,166.12,164.91,2019-03-20
2019-03-21,164.7523,163.75,166.5,164.4,2019-03-21
2019-03-22,166.74,164.09,167.42,165.1,2019-03-22
2019-03-25,164.15,162.0,166.85,166.5,2019-03-25
2019-03-26,167.0,164.69,169.45,168.18599999999998,2019-03-26
2019-03-27,166.85,164.79,168.94,166.09,2019-03-27
2019-03-28,165.525,163.33,166.72,166.4754,2019-03-28
2019-03-29,166.27,164.81,167.19,166.01,2019-03-29
2019-04-01,167.75,166.69,168.9,168.485,2019-04-01
2019-04-02,172.7841,168.19,174.9,174.2,2019-04-02
2019-04-03,177.0,172.95,177.96,175.27,2019-04-03
2019-04-04,173.1,172.9,178.0,176.2,2019-04-04
2019-04-05,175.42,175.1,177.28,175.64,2019-04-05
2019-04-08,175.2,174.23,176.15,174.555,2019-04-08
2019-04-09,175.16,174.0,179.19,177.6,2019-04-09
2019-04-10,178.3,176.54,178.79,177.62,2019-04-10
2019-04-11,177.91,177.0,178.4,177.51,2019-04-11
2019-04-12,178.92,177.51,179.63,178.93,2019-04-12
2019-04-15,179.61,176.87,180.5,178.5001,2019-04-15
2019-04-16,177.68,176.32,180.47,178.67,2019-04-16
2019-04-17,179.48,178.11,180.74,178.83,2019-04-17
2019-04-18,178.42,177.34,179.63,177.78,2019-04-18
2019-04-22,178.3,177.85,182.26,180.78,2019-04-22
2019-04-23,183.97,181.22,184.59,183.195,2019-04-23
2019-04-24,183.19,175.5,202.25,184.93,2019-04-24
2019-04-25,194.34,192.12,199.7999,195.4,2019-04-25
2019-04-26,192.9,189.09,193.27,191.7606,2019-04-26
2019-04-29,195.31,190.65,195.41,194.57,2019-04-29
2019-04-30,196.21,192.28,197.39,193.35,2019-04-30
2019-05-01,194.37,192.4,196.1769,195.28,2019-05-01
2019-05-02,190.19,189.75,194.02,193.2,2019-05-02
2019-05-03,193.27,192.9,196.16,195.95,2019-05-03
2019-05-06,193.0,189.67,194.28,192.84,2019-05-06
2019-05-07,188.1072,187.85,193.19,190.58,2019-05-07
2019-05-08,189.82,188.55,190.99,189.4,2019-05-08
2019-05-09,189.3,186.26,189.77,188.26,2019-05-09
2019-05-10,187.24,184.59,190.0,187.8636,2019-05-10
2019-05-13,184.42,180.55,185.52,182.4,2019-05-13
2019-05-14,181.0,178.1,183.73,180.65,2019-05-14
2019-05-15,185.97,179.22,187.28,186.4,2019-05-15
2019-05-16,187.19,185.03,188.575,186.79,2019-05-16
2019-05-17,187.13,184.28,187.58,186.23,2019-05-17
2019-05-20,183.25,181.37,185.7,182.41,2019-05-20
2019-05-21,185.07,183.78,185.7,185.04,2019-05-21
2019-05-22,185.48,183.35,186.74,185.4564,2019-05-22
2019-05-23,182.645,179.67,184.86,180.87,2019-05-23
2019-05-24,181.83,180.25,183.63,182.54,2019-05-24
2019-05-28,184.32,180.0,184.7119,183.21,2019-05-28
2019-05-29,183.13,181.35,184.56,183.76,2019-05-29
2019-05-30,182.075,180.89,183.48,182.62,2019-05-30
2019-05-31,180.4,177.16,181.14,178.26,2019-05-31
2019-06-03,170.31,161.01,176.56,175.69,2019-06-03
2019-06-04,161.44,160.84,168.28,164.4,2019-06-04
2019-06-05,167.25,164.63,169.15,165.7,2019-06-05
2019-06-06,168.3,167.23,169.7,167.71,2019-06-06
2019-06-07,173.25,168.0,173.87,172.295,2019-06-07
2019-06-10,177.45,173.8,177.86,177.55,2019-06-10
2019-06-11,178.12,175.25,179.98,178.1,2019-06-11
2019-06-12,174.9,172.88,179.27,175.11,2019-06-12
2019-06-13,176.99,174.606,178.03,176.74,2019-06-13
2019-06-14,180.7777,176.25,182.94,180.8199,2019-06-14
2019-06-17,187.38,182.51,191.4,186.99,2019-06-17
2019-06-18,192.8,186.95,194.58,189.423,2019-06-18
2019-06-19,186.36,184.55,189.59,188.92,2019-06-19
2019-06-20,190.9396,187.64,191.3,188.93,2019-06-20
2019-06-21,191.3488,187.78,192.0,190.68,2019-06-21
2019-06-24,192.91,191.51,193.98,193.44,2019-06-24
2019-06-25,188.62,188.13,193.14,189.37,2019-06-25
2019-06-26,187.48,187.2,191.0,188.88,2019-06-26
2019-06-27,189.48,188.0,189.97,189.3,2019-06-27
2019-06-28,192.35,189.76,193.45,190.5,2019-06-28
2019-07-01,194.47,191.94,196.3,192.8,2019-07-01
2019-07-02,192.75,191.11,195.16,194.85,2019-07-02
2019-07-03,196.9638,193.7,197.4,197.21,2019-07-03
2019-07-05,196.01,194.17,197.4,196.9749,2019-07-05
2019-07-08,196.07,193.64,196.68,196.1943,2019-07-08
2019-07-09,198.92,193.82,200.0,197.5,2019-07-09
2019-07-10,202.93,198.2,203.0,202.7,2019-07-10
2019-07-11,202.74,200.21,203.98,201.425,2019-07-11
2019-07-12,205.21,199.16,205.49,201.23,2019-07-12
2019-07-15,204.81,201.82,205.33,204.45,2019-07-15
2019-07-16,203.12,202.66,205.4707,204.24,2019-07-16
2019-07-17,202.42,200.28,204.36,200.88,2019-07-17
2019-07-18,201.43,199.38,202.47,199.88,2019-07-18
2019-07-19,200.388,197.5,202.61,197.6,2019-07-19
2019-07-22,202.69,198.36,202.75,201.8,2019-07-22
2019-07-23,202.5906,198.27,207.55,203.02,2019-07-23
2019-07-24,204.66,196.3,216.5,208.0,2019-07-24
2019-07-25,199.38,198.25,209.93,199.67,2019-07-25
2019-07-26,197.67,196.25,202.88,198.46,2019-07-26
2019-07-29,197.1399,195.3,200.24,195.951,2019-07-29
2019-07-30,194.92,193.36,198.7127,197.51,2019-07-30
2019-07-31,194.5,192.67,198.76,197.4,2019-07-31
2019-08-01,192.38,190.88,198.48,197.405,2019-08-01
2019-08-02,188.7,188.07,192.8,188.72,2019-08-02
2019-08-05,182.45,176.25,186.78,184.85,2019-08-05
2019-08-06,183.61,181.02,185.8,184.5,2019-08-06
2019-08-07,185.41,172.6596,186.38,186.22,2019-08-07
2019-08-08,188.38,184.05,202.32,185.81,2019-08-08
2019-08-09,187.85,187.12,190.98,188.75,2019-08-09
2019-08-12,185.52,184.45,200.19,186.4,2019-08-12
2019-08-13,188.64,183.85,191.41,185.25,2019-08-13
2019-08-14,183.62,179.25,188.57,179.5503,2019-08-14
2019-08-15,182.0836,173.6805,183.5,182.36,2019-08-15
2019-08-16,183.65,182.36,203.8,183.71,2019-08-16
2019-08-19,185.6,184.5,187.5,185.8,2019-08-19
2019-08-20,183.87,182.39,187.75,184.7073,2019-08-20
2019-08-21,183.68,172.659593,185.9,185.1,2019-08-21
2019-08-22,181.4,179.91,184.2,183.57,2019-08-22
2019-08-23,179.86,177.87,183.42,182.78,2019-08-23
2019-08-26,180.49,170.913625,181.76,179.07,2019-08-26
2019-08-27,181.5535,179.46,184.04,181.93,2019-08-27
2019-08-28,181.33,178.92,182.5,181.26,2019-08-28
2019-08-29,184.02,173.6805,186.0752,184.47,2019-08-29
2019-08-30,185.11,183.45,187.31,183.71,2019-08-30
2019-09-03,182.5,182.1038,185.67,184.13,2019-09-03
2019-09-04,186.03,175.985694,187.75,186.88,2019-09-04
2019-09-05,190.3424,187.94,206.7,190.94,2019-09-05
2019-09-06,188.69,184.12,191.5,187.5,2019-09-06
2019-09-09,187.5,185.84,189.0325,188.36,2019-09-09
2019-09-10,187.97,184.55,195.5372,186.36,2019-09-10
2019-09-11,188.45,185.75,190.06,187.53,2019-09-11
2019-09-12,188.17,187.23,190.93,188.9,2019-09-12
2019-09-13,187.13,186.53,188.5,187.1,2019-09-13
2019-09-16,186.61,185.43,197.952583,186.32,2019-09-16
2019-09-17,186.11,185.5399,188.46,188.23,2019-09-17
2019-09-18,188.2,175.98575,200.8495,187.81,2019-09-18
2019-09-19,189.9525,187.18,191.1,190.8897,2019-09-19
2019-09-20,189.48,188.12,193.1,190.65,2019-09-20
2019-09-23,189.25,185.2,190.1,186.8001,2019-09-23
2019-09-24,187.63,180.39,188.09,182.1739,2019-09-24
2019-09-25,181.04,177.87,183.42,178.49,2019-09-25
2019-09-26,180.3504,173.6805,182.8,178.18,2019-09-26
2019-09-27,177.2,167.45408999999995,180.7597,177.56,2019-09-27
2019-09-30,178.065,176.85,182.39,178.31,2019-09-30
2019-10-01,175.61,174.88,179.84,175.45,2019-10-01
2019-10-02,175.26,173.09,176.53,174.93,2019-10-02
2019-10-03,178.83,173.63,179.84,174.6,2019-10-03
2019-10-04,180.32,178.1,180.98,179.9363,2019-10-04
2019-10-07,179.53,170.913625,181.18,179.52,2019-10-07
2019-10-08,177.93,177.0,180.39,178.7,2019-10-08
2019-10-09,178.08,177.75,180.73,180.4,2019-10-09
2019-10-10,179.489,173.6805,181.62,180.31,2019-10-10
2019-10-11,182.3,180.7,186.49,184.6,2019-10-11
2019-10-14,183.52,182.57,184.63,184.105,2019-10-14
2019-10-15,188.53,183.51,190.38,188.99,2019-10-15
2019-10-16,188.7,186.9,200.8495,188.68,2019-10-16
2019-10-17,190.6133,188.7623,191.3,190.57,2019-10-17
2019-10-18,185.89,183.92,191.49,189.59,2019-10-18
2019-10-21,189.59,185.85,189.95,189.68,2019-10-21
2019-10-22,181.8,181.25,190.65,188.97,2019-10-22
2019-10-23,186.3,181.58,186.5,186.0,2019-10-23
2019-10-24,185.5,173.6805,186.91,183.3718,2019-10-24
2019-10-25,186.08,185.0876,189.01,187.9092,2019-10-25
2019-10-28,187.6,185.08,191.0,190.6,2019-10-28
2019-10-29,191.2994,180.03,192.53,189.82,2019-10-29
2019-10-30,187.21,185.98,200.8495,191.0501,2019-10-30
2019-10-31,192.805,188.25,198.8,191.85,2019-10-31
2019-11-04,194.42,193.62,197.3672,194.65,2019-11-04
2019-11-05,195.51,193.6,195.77,194.26,2019-11-05
2019-11-06,194.4,189.04,194.68,191.73,2019-11-06
2019-11-07,191.6,189.45,193.44,191.6,2019-11-07
2019-11-08,190.3,189.7,192.35,190.5,2019-11-08
2019-11-09,190.66,190.66,190.83,190.83,2019-11-09
2019-11-11,189.99,187.5117,195.537199,190.15,2019-11-11
2019-11-12,193.56,189.39,195.09,194.6425,2019-11-12
2019-11-13,193.04,192.73,200.8495,193.08,2019-11-13
2019-11-14,192.35,191.45,194.03,192.2103,2019-11-14
2019-11-15,195.01,193.21,195.3,193.73,2019-11-15
2019-11-16,194.9,194.83,194.9,194.84,2019-11-16
2019-11-18,195.65,193.05,198.63,197.39,2019-11-18
2019-11-19,199.58,195.4114,200.0,199.29,2019-11-19
2019-11-20,198.84,195.42,199.6,199.07,2019-11-20
2019-11-21,197.885,196.31,199.1,198.565,2019-11-21
2019-11-22,198.69400000000002,197.62,199.3,198.25,2019-11-22
2019-11-23,198.8,198.7,198.85,198.75,2019-11-23
2019-11-25,200.155,198.82,200.98,199.4899,2019-11-25
2019-11-26,198.98,198.03,210.516,199.77,2019-11-26
2019-11-27,199.05,199.02,203.14,202.71,2019-11-27
2019-11-28,201.51,201.25,201.58,201.46,2019-11-28
2019-11-29,201.93,195.314506,203.8,202.9067,2019-11-29
2019-12-02,199.45,187.7905,202.48,200.1623,2019-12-02
2019-12-03,197.06,195.08,200.6,197.5,2019-12-03
2019-12-04,199.29,191.146209,200.47,200.06,2019-12-04
2019-12-05,199.63,198.2126,201.3,200.0,2019-12-05
2019-12-06,200.94,199.3,201.57,200.94,2019-12-06
2019-12-07,201.0,200.9,201.0,200.99,2019-12-07
2019-12-09,201.43,199.81,214.84799999999998,201.25,2019-12-09
2019-12-10,200.4415,188.8945,210.516,200.645,2019-12-10
2019-12-11,201.92,200.27,202.63,202.26,2019-12-11
2019-12-12,202.21,194.1,203.66,202.0186,2019-12-12
2019-12-13,198.21,193.17,202.7337,195.19,2019-12-13
2019-12-14,194.0,193.97,194.1,194.1,2019-12-14
2019-12-16,194.7,190.14,199.1298,197.9,2019-12-16
2019-12-17,197.29,196.1279,199.0,197.415,2019-12-17
2019-12-18,202.8234,191.146205,204.3,198.28,2019-12-18
2019-12-19,203.8629,202.5,206.3,205.61,2019-12-19
2019-12-20,206.2,203.43,208.53,204.6269,2019-12-20
2019-12-21,206.2,206.2,206.3,206.3,2019-12-21
2019-12-23,207.03,205.68,208.59,206.55,2019-12-23
2019-12-24,205.6223,205.0,210.516,205.17,2019-12-24
2019-12-26,206.76,200.849479,207.86,207.86,2019-12-26
2019-12-27,207.57,193.6223,208.98,207.86,2019-12-27
2019-12-28,207.76,207.76,207.85,207.77,2019-12-28
2019-12-30,204.75,203.9,208.27,204.64,2019-12-30
2019-12-31,204.46,203.2,205.56,204.52,2019-12-31
2020-01-01,205.3,205.3,205.4,205.4,2020-01-01
2020-01-02,208.04,205.25,209.94,208.75,2020-01-02
2020-01-03,208.99,205.71,210.4,209.5312,2020-01-03
2020-01-04,208.62,208.6,208.68,208.67,2020-01-04
2020-01-06,210.95,206.25,212.8,212.54,2020-01-06
2020-01-07,212.75,209.55,214.58,213.52,2020-01-07
2020-01-08,210.05,208.12,216.3,215.38,2020-01-08
2020-01-09,219.13,216.0,219.34,217.6314,2020-01-09
2020-01-10,219.4,217.42,220.16,218.06,2020-01-10
2020-01-11,218.06,217.96,218.1999,218.05,2020-01-11
2020-01-13,219.85,213.5,222.1,221.89,2020-01-13
2020-01-14,221.75,218.55,222.44,220.95,2020-01-14
2020-01-15,220.9156,218.75,221.7,220.0,2020-01-15
2020-01-16,221.26,220.39,222.9,222.1,2020-01-16
2020-01-17,222.4,220.53,222.73,221.41,2020-01-17
2020-01-18,222.0,221.8,222.0,222.0,2020-01-18
2020-01-21,221.03,219.12,222.43,221.4,2020-01-21
2020-01-22,222.175,220.9,222.85,221.82,2020-01-22
2020-01-23,220.23,219.27,221.485,220.3288,2020-01-23
2020-01-24,220.42,216.11,221.78,218.27,2020-01-24
2020-01-25,217.5,217.47,217.7,217.57,2020-01-25
2020-01-27,215.255,212.5,216.06,214.9,2020-01-27
2020-01-28,216.54,213.52,219.31,215.02,2020-01-28
2020-01-29,221.035,205.0,225.07,223.09,2020-01-29
2020-01-30,207.0,204.75,211.43,210.43,2020-01-30
2020-01-31,204.3968,201.06,210.29,201.9547,2020-01-31
2020-02-01,201.25,201.22,201.66,201.66,2020-02-01
2020-02-03,202.6,202.25,205.14,204.27,2020-02-03
2020-02-04,209.875,203.35,210.6,206.25,2020-02-04
2020-02-05,209.62,208.71,213.2,210.23,2020-02-05
2020-02-06,210.98,209.338,211.46,211.0,2020-02-06
2020-02-07,212.11,209.6,212.82,211.8444,2020-02-07
2020-02-08,211.5,211.25,211.99,211.99,2020-02-08
2020-02-10,212.52,210.66,213.8,212.49,2020-02-10
2020-02-11,208.0,206.5102,213.99,206.65,2020-02-11
2020-02-12,210.71,206.7,211.22,206.8,2020-02-12
2020-02-13,209.5,208.65,214.3259,213.07,2020-02-13
2020-02-14,213.38,212.65,214.93,213.815,2020-02-14
2020-02-15,214.16,214.07,214.18,214.07,2020-02-15
2020-02-18,212.9,212.62,218.3,217.3,2020-02-18
2020-02-19,217.7576,216.11,218.8,217.0664,2020-02-19
2020-02-20,214.82,212.945,218.765,217.95,2020-02-20
2020-02-21,210.87,208.8305,214.237,211.09,2020-02-21
2020-02-22,210.25,210.0,210.25,210.18,2020-02-22
2020-02-24,200.88,198.17,205.0,201.78,2020-02-24
2020-02-25,201.78,195.9537,203.5,201.95,2020-02-25
2020-02-26,197.39,193.25,201.21,197.96,2020-02-26
2020-02-27,192.58,187.0,197.2,193.39,2020-02-27
2020-02-28,188.98,181.82,193.92,192.54,2020-02-28
2020-02-29,193.75,193.5,193.96,193.69,2020-02-29
2020-03-02,189.21,188.85,196.57,189.83,2020-03-02
2020-03-03,189.02,183.97,197.7,189.25,2020-03-03
2020-03-04,190.04,184.67,191.83,189.57,2020-03-04
2020-03-05,184.525,183.8901,190.6,186.14,2020-03-05
2020-03-06,179.44,176.26,185.97,177.12,2020-03-06
2020-03-07,179.98,179.5,179.98,179.77,2020-03-07
2020-03-09,169.51,165.19,175.0,171.0,2020-03-09
2020-03-10,175.27,169.5,178.29,174.85,2020-03-10
2020-03-11,170.45,167.66,175.88,173.46,2020-03-11
2020-03-12,158.63,151.0,166.6,151.5,2020-03-12
2020-03-13,162.1,154.47,170.79,160.5,2020-03-13
2020-03-16,155.1824,143.1,159.88,150.68,2020-03-16
2020-03-17,148.76,140.0,155.99,147.83,2020-03-17
2020-03-18,150.51,137.1006,151.25,144.965,2020-03-18
2020-03-19,155.04,144.0,159.9294,157.22,2020-03-19
2020-03-20,148.51,148.0,162.5,156.555,2020-03-20
2020-03-23,147.12,142.25,156.0,147.5,2020-03-23
2020-03-24,154.95,151.77,161.31,155.0,2020-03-24
2020-03-25,163.95,153.06,165.0,156.6,2020-03-25
2020-03-26,154.0,153.12,164.0,156.62,2020-03-26
2020-03-27,155.99,154.75,161.0,156.5037,2020-03-27
2020-03-30,156.56,155.01,166.75,159.76,2020-03-30
2020-03-31,167.32,164.2,170.93,168.0046,2020-03-31
2020-04-01,162.775,158.035,164.15,159.56,2020-04-01
2020-04-02,158.1,155.92,162.5,159.78,2020-04-02
2020-04-03,154.5,150.83,158.9794,152.99,2020-04-03
2020-04-06,164.71,158.51,166.2,159.53,2020-04-06
2020-04-07,170.25,166.01,173.39,170.82,2020-04-07
2020-04-08,171.89,167.74,175.0,168.78,2020-04-08
2020-04-09,172.6,171.06,177.45,175.6011,2020-04-09
2020-04-13,173.23,169.45,176.5,173.39,2020-04-13
2020-04-14,180.58,176.62,181.225,180.66,2020-04-14
2020-04-15,176.98,172.82,178.61,174.32,2020-04-15
2020-04-16,173.37,172.51,181.65,174.025,2020-04-16
2020-04-17,177.09,176.66,181.38,179.3,2020-04-17
2020-04-20,176.72,176.3,180.5,178.57,2020-04-20
2020-04-21,171.745,168.3408,178.0,171.8,2020-04-21
2020-04-22,183.88,175.0,184.78,176.03,2020-04-22
2020-04-23,184.94,181.02,187.05,184.09,2020-04-23
2020-04-24,184.83,180.825,192.51,184.626,2020-04-24
2020-04-27,187.795,187.26,194.79,192.4,2020-04-27
2020-04-28,184.71,182.56,190.6,189.5,2020-04-28
2020-04-29,195.02,188.1,217.26,195.991,2020-04-29
2020-04-30,211.92,201.0,212.9,206.1537,2020-04-30
2020-05-01,205.11,198.0,207.28,202.25,2020-05-01
2020-05-04,203.92,198.7562,205.91,200.5,2020-05-04
2020-05-05,208.87,206.0,210.38,208.27,2020-05-05
2020-05-06,210.4599,206.66,211.6,210.775,2020-05-06
2020-05-07,210.86,209.04,212.18,209.715,2020-05-07
2020-05-08,213.47,210.85,214.0,212.35,2020-05-08
2020-05-11,210.65,210.01,215.0,212.69,2020-05-11
2020-05-12,214.48,207.79,215.275,214.85,2020-05-12
2020-05-13,203.7,202.11,211.5,210.31,2020-05-13
2020-05-14,205.13,200.69,207.3499,204.4884,2020-05-14
2020-05-15,205.675,204.12,211.34,205.3,2020-05-15
2020-05-18,212.2515,210.94,214.75,212.91,2020-05-18
2020-05-19,219.32,212.22,220.49,213.0906,2020-05-19
2020-05-20,229.88,216.88,232.24,220.09,2020-05-20
2020-05-21,234.0,229.3,237.2,232.02,2020-05-21
2020-05-22,230.46,228.04,235.99,234.79,2020-05-22
2020-05-26,235.49,231.62,240.9,239.7,2020-05-26
2020-05-27,226.44,221.1347,235.5,227.2,2020-05-27
2020-05-28,224.4,221.67,231.6332,226.45,2020-05-28
2020-05-29,225.09,222.88,227.49,223.549,2020-05-29
2020-06-01,229.38,223.04,232.93,228.88,2020-06-01
2020-06-02,229.0378,226.56,234.13,229.43,2020-06-02
2020-06-03,229.54,228.53,232.75,231.0071,2020-06-03
2020-06-04,231.25,224.61,231.63,227.73,2020-06-04
2020-06-05,230.56,224.61,231.35,226.94,2020-06-05
2020-06-08,231.2,227.41,231.55,229.66,2020-06-08
2020-06-09,235.51,228.9,239.95,238.66,2020-06-09
2020-06-10,240.61,235.23,241.75,237.12,2020-06-10
2020-06-11,224.705,223.55,234.81,231.9,2020-06-11
2020-06-12,228.46,224.5,231.66,229.13,2020-06-12
2020-06-15,229.15,222.53,234.94,230.19,2020-06-15
2020-06-16,234.571,233.0,238.46,236.21,2020-06-16
2020-06-17,236.1175,231.7268,237.88,236.4,2020-06-17
2020-06-18,233.4,232.15,236.65,234.43,2020-06-18
2020-06-19,237.42,235.55,240.83,239.78,2020-06-19
2020-06-22,238.9499,236.91,240.7,238.69,2020-06-22
2020-06-23,240.6799,239.86,245.1853,241.9,2020-06-23
2020-06-24,235.22,232.68,243.22,233.95,2020-06-24
2020-06-25,232.5,231.29,237.3,235.75,2020-06-25
2020-06-26,213.88,212.24,235.68,212.5,2020-06-26
2020-06-29,215.39,206.23,221.0,211.2,2020-06-29
2020-06-30,219.86,218.47,227.5,219.754,2020-06-30
2020-07-01,234.16,224.21,239.0,236.99,2020-07-01
2020-07-02,234.41,232.61,240.69,234.67,2020-07-02
2020-07-06,236.48,232.27,241.0,240.85,2020-07-06
2020-07-07,238.8,237.1,247.65,238.1,2020-07-07
2020-07-08,244.0,236.59,246.99,243.49,2020-07-08
2020-07-09,244.43,239.24,246.525,244.4,2020-07-09
2020-07-10,243.8,239.32,245.49,243.97,2020-07-10
2020-07-13,240.8,238.42,250.15,239.54,2020-07-13
2020-07-14,237.579,232.03,241.03,239.25,2020-07-14
2020-07-15,240.115,238.05,244.82,240.0002,2020-07-15
2020-07-16,237.15,234.52,241.76,236.0,2020-07-16
2020-07-17,238.13,237.86,244.16,242.94,2020-07-17
2020-07-20,243.87,235.635,246.05,242.65,2020-07-20
2020-07-21,239.85,238.0,247.75,241.59,2020-07-21
2020-07-22,238.7668,238.12,241.9,240.62,2020-07-22
2020-07-23,239.9,231.0,242.42,240.2,2020-07-23
2020-07-24,229.81,226.9,233.49,230.375,2020-07-24
2020-07-27,232.85,230.0,234.95,232.33,2020-07-27
2020-07-28,231.5,229.83,235.05,234.42,2020-07-28
2020-07-29,232.1201,230.12,234.1,231.8006,2020-07-29
2020-07-30,233.3,229.0,254.0,250.8,2020-07-30
2020-07-31,251.61,247.42,255.88,252.51,2020-07-31
2020-08-03,251.5,250.33,255.4,253.24,2020-08-03
2020-08-04,248.55900000000003,247.43,252.8,251.12,2020-08-04
2020-08-05,249.05,247.77,252.2698,249.32,2020-08-05
2020-08-06,258.366,248.0,266.6,253.141,2020-08-06
2020-08-07,271.96,262.97,278.89,268.79,2020-08-07
2020-08-10,262.2347,259.69,273.86,268.02,2020-08-10
2020-08-11,264.365,255.13,265.915,256.81,2020-08-11
2020-08-12,262.7,257.99,263.8973,259.915,2020-08-12
2020-08-13,260.635,259.57,265.16,260.5,2020-08-13
2020-08-14,260.64,258.6801,262.98,260.3,2020-08-14
2020-08-17,261.35,259.4,264.0973,262.49,2020-08-17
2020-08-18,261.2957,259.26,265.15,261.445,2020-08-18
2020-08-19,266.41,261.16,267.908,262.33,2020-08-19
2020-08-20,266.7101,260.75,270.0,266.97,2020-08-20
2020-08-21,267.18,262.12,270.49,267.075,2020-08-21
2020-08-24,271.27,268.6,277.2478,270.55,2020-08-24
2020-08-25,272.42,270.2601,283.09,272.77,2020-08-25
2020-08-26,296.265,282.18,307.77,303.1,2020-08-26
2020-08-27,293.68,290.91,304.0,298.76,2020-08-27
2020-08-28,292.12,290.98,297.23,293.41,2020-08-28
2020-08-31,294.225,291.55,297.25,293.2,2020-08-31
2020-09-01,296.67,292.71,301.49,296.11,2020-09-01
2020-09-02,302.84,293.05,303.9,298.47,2020-09-02
2020-09-03,287.1539,283.63,302.0,301.2,2020-09-03
2020-09-04,281.48,271.14,290.22,281.9629,2020-09-04
2020-09-08,269.0,267.0,281.4,278.93,2020-09-08
2020-09-09,274.53,271.35,278.48,275.0,2020-09-09
2020-09-10,273.59,267.0319,279.16,268.55,2020-09-10
2020-09-11,267.455,262.64,272.71,265.055,2020-09-11
2020-09-14,273.31,265.7,276.64,275.4599,2020-09-14
2020-09-15,273.5468,263.3,274.52,273.24,2020-09-15
2020-09-16,269.355,261.79,272.44,268.06,2020-09-16
2020-09-17,255.5,250.19,263.52,254.46,2020-09-17
2020-09-18,258.98,250.05,260.38,251.84,2020-09-18
2020-09-21,248.6,244.13,251.0,246.2849,2020-09-21
2020-09-22,250.7,248.22,255.32,254.45,2020-09-22
2020-09-23,256.77,246.21,257.9921,255.1903,2020-09-23
2020-09-24,250.35,245.4,252.24,251.09,2020-09-24
2020-09-25,249.4,246.61,255.75,253.69,2020-09-25
2020-09-28,256.9,254.8208,259.98,256.62,2020-09-28
2020-09-29,262.3,256.5,263.33,259.66,2020-09-29
2020-09-30,264.54900000000004,258.05,266.085,261.5,2020-09-30
2020-10-01,266.48,262.55,268.33,266.0301,2020-10-01
2020-10-02,260.18,258.8,265.15,259.31,2020-10-02
2020-10-05,263.83,260.8401,264.865,264.2,2020-10-05
2020-10-06,263.81,255.6,265.69,257.21,2020-10-06
2020-10-07,256.29,254.82,260.6,258.1458,2020-10-07
2020-10-08,263.265,259.1488,264.62,262.9701,2020-10-08
2020-10-09,262.79,262.17,265.24,263.4215,2020-10-09
2020-10-12,269.57,265.0,280.18,275.57,2020-10-12
2020-10-13,274.8955,273.39,279.33,275.29,2020-10-13
2020-10-14,271.03,271.03,278.75,273.2899,2020-10-14
2020-10-15,265.4399,263.67,269.19,265.29,2020-10-15
2020-10-16,265.0,264.78,271.37,269.3299,2020-10-16
2020-10-19,262.87,259.88,268.55,264.59,2020-10-19
2020-10-20,269.085,262.05,276.66,275.25,2020-10-20
2020-10-21,274.4,272.5,283.05,280.1752,2020-10-21
2020-10-22,278.02,275.04,282.45,278.6,2020-10-22
2020-10-23,280.45,276.82,286.96,278.5,2020-10-23
2020-10-26,276.0255,274.26,285.23,282.83,2020-10-26
2020-10-27,282.495,276.31,284.51,281.86,2020-10-27
2020-10-28,275.12,267.26,282.59,274.44,2020-10-28
2020-10-29,276.74,270.79,298.06,276.25,2020-10-29
2020-10-30,263.05,259.1,281.54,262.9851,2020-10-30
2020-11-02,266.0,263.75,266.69,265.0,2020-11-02
