,week,Open,Low,High,Close,Volume,PE,week1,weekN,year,Returns,MovingAvg,MovingAvgReturn,UB,LB,STD,pct_ma,line
0,2014-01-07/2014-01-13,57.9201,55.38,58.55,57.6476,233311979.0,96.07933333333334,2014-01-07,2,2014,,,,,,,,0
1,2014-01-14/2014-01-20,56.0,55.96,58.02,56.32,108600799.0,93.86666666666667,2014-01-14,3,2014,-0.023029579722312787,,,,,,,0
2,2014-01-21/2014-01-27,57.5603,51.85,59.31,53.1,177928907.0,88.5,2014-01-21,4,2014,-0.057173295454545414,,,,,,,0
3,2014-01-28/2014-02-03,52.97,52.75,63.95,62.6,219091028.0,104.33333333333334,2014-01-28,5,2014,0.17890772128060273,,,,,,,0
4,2014-02-04/2014-02-10,62.49,60.94,64.57,64.35,144682822.0,107.25,2014-02-04,6,2014,0.027955271565495154,58.803520000000006,,111.10144694520525,6.505593054794751,4.615486534700323,,0
5,2014-02-11/2014-02-17,67.43,63.94,67.5,67.43,60345343.0,112.38333333333335,2014-02-11,7,2014,0.04786324786324814,60.760000000000005,0.034904673106497565,113.05792694520525,8.46207305479475,5.89813105992059,0.034904673106497565,0
6,2014-02-18/2014-02-24,66.57,64.18,69.08,66.3,104609565.0,110.5,2014-02-18,8,2014,-0.016758119531365967,62.75600000000001,0.03615896514468693,115.05392694520526,10.458073054794752,5.705473687609117,0.03615896514468693,0
7,2014-02-25/2014-03-03,69.535,68.87,71.1,68.98,90281997.0,114.96666666666668,2014-02-25,9,2014,0.04042232277526403,65.932,0.05567808879064882,118.22992694520525,13.634073054794747,2.5136964812801077,0.05567808879064882,0
8,2014-03-04/2014-03-10,68.88,67.41,72.15,70.6,143228902.0,117.66666666666666,2014-03-04,10,2014,0.02348506813569129,67.532,0.02459355816166653,119.82992694520524,15.234073054794742,2.4063811003247126,0.02459355816166653,0
9,2014-03-11/2014-03-17,72.55,66.62,72.75,68.25,200189067.0,113.75,2014-03-11,11,2014,-0.033286118980169865,68.31199999999998,0.012345280052533525,120.60992694520525,16.01407305479473,1.6210397897645707,0.012345280052533525,0
10,2014-03-18/2014-03-24,68.1,66.82,69.29,67.85,82779645.0,113.08333333333333,2014-03-18,12,2014,-0.005860805860805951,68.39599999999999,0.0016004693077227073,120.69392694520525,16.09807305479473,1.574112448333971,0.0016004693077227073,0
11,2014-03-25/2014-03-31,64.39,57.98,66.19,60.88,270450025.0,101.46666666666667,2014-03-25,13,2014,-0.10272660280029466,67.31199999999998,-0.015593227346063032,119.60992694520525,15.014073054794729,3.7461006393315146,-0.015593227346063032,0
12,2014-04-01/2014-04-07,61.2415,59.13,63.91,61.79,203254111.0,102.98333333333333,2014-04-01,14,2014,0.014947437582128797,65.874,-0.02068820438469008,118.17192694520526,13.57607305479474,4.286727189826756,-0.02068820438469008,0
13,2014-04-08/2014-04-14,58.1,56.95,63.53,58.93,258327775.0,98.21666666666667,2014-04-08,15,2014,-0.046285806764848725,63.539999999999985,-0.03464237936479808,115.83792694520524,11.24207305479473,4.247069577956081,-0.03464237936479808,0
14,2014-04-15/2014-04-21,59.082,55.88,60.58,59.65,250340280.0,99.41666666666667,2014-04-15,16,2014,0.01221788562701498,61.81999999999998,-0.025541578443361114,114.11792694520523,9.522073054794724,3.546350236510774,-0.025541578443361114,0
15,2014-04-22/2014-04-28,62.95,56.96,65.04,62.24,151309460.0,103.73333333333333,2014-04-22,17,2014,0.04341994970662211,60.69799999999998,-0.0156854273298755,112.99592694520524,8.400073054794724,1.3988816962131094,-0.0156854273298755,0
16,2014-04-29/2014-05-05,57.79,55.41,61.35,59.8,192404548.0,99.66666666666667,2014-04-29,18,2014,-0.03920308483290491,60.481999999999985,-0.0029807237363975504,112.77992694520523,8.18407305479473,1.4463298379000782,-0.0029807237363975504,0
17,2014-05-06/2014-05-12,59.96,56.38,61.42,57.09,165064352.0,95.15,2014-05-06,19,2014,-0.04531772575250825,59.54199999999997,-0.01503375640332496,111.83992694520524,7.244073054794718,1.8536639393374532,-0.01503375640332496,0
18,2014-05-13/2014-05-19,59.81,57.31,60.89,59.28,236477653.0,98.80000000000001,2014-05-13,20,2014,0.038360483447188676,59.61199999999998,0.0018955016390825197,111.90992694520523,7.314073054794726,1.831248208190262,0.0018955016390825197,0
19,2014-05-20/2014-05-26,59.0,58.18,61.48,60.93,199644643.0,101.55,2014-05-20,21,2014,0.027834008097165963,59.86799999999998,0.005018726133112716,112.16592694520523,7.570073054794726,1.924959739838744,0.005018726133112716,0
20,2014-05-27/2014-06-02,61.88,61.57,64.3,63.06,185487028.0,105.10000000000001,2014-05-27,22,2014,0.03495814869522418,60.03199999999998,0.0033263659308331306,112.32992694520524,7.734073054794727,2.193734259202797,0.0033263659308331306,0
21,2014-06-03/2014-06-09,63.36,61.79,63.48,62.94,77485369.0,104.9,2014-06-03,23,2014,-0.0019029495718364542,60.65999999999998,0.010786392983046822,112.95792694520523,8.362073054794728,2.533801491830019,0.010786392983046822,0
22,2014-06-10/2014-06-16,65.3,63.75,66.5,64.27,126951639.0,107.11666666666666,2014-06-10,24,2014,0.021131236097871042,62.09599999999998,0.02407618535312268,114.39392694520524,9.798073054794727,1.9784665779335333,0.02407618535312268,0
23,2014-06-17/2014-06-23,64.529,63.35,65.6,64.14,104142275.0,106.9,2014-06-17,25,2014,-0.0020227166640733873,63.067999999999984,0.01599954533087027,115.36592694520525,10.770073054794729,1.3399141763560902,0.01599954533087027,0
24,2014-06-24/2014-06-30,67.47,66.53,67.7,67.6,45183930.0,112.66666666666666,2014-06-24,26,2014,0.053944496414094045,64.40199999999999,0.021221642994255885,116.69992694520525,12.104073054794732,1.8875698662566116,0.021221642994255885,0
25,2014-07-08/2014-07-14,62.355,62.21,68.17,67.92,100318794.0,113.2,2014-07-08,28,2014,0.004733727810650956,65.374,0.01517675881734124,117.67192694520526,13.07607305479474,2.2418251492924237,0.01517675881734124,0
26,2014-07-15/2014-07-21,68.03,66.0,68.69,68.25,120454108.0,113.75,2014-07-15,29,2014,0.004858657243816289,66.43599999999999,0.01652908018047179,118.73392694520524,14.138073054794738,2.0500560967934494,0.01652908018047179,0
27,2014-07-22/2014-07-28,69.87,68.61,78.44,75.31,157013421.0,125.51666666666668,2014-07-22,30,2014,0.10344322344322343,68.64399999999999,0.032991477649542265,120.94192694520524,16.346073054794736,4.077098232812163,0.032991477649542265,0
28,2014-08-05/2014-08-11,72.65,71.79,73.99,73.0,89989528.0,121.66666666666667,2014-08-05,32,2014,-0.03067321736821138,70.416,0.027261377508714667,122.71392694520526,18.118073054794742,3.5170911276223853,0.027261377508714667,0
29,2014-08-12/2014-08-18,72.3499,72.22,74.72,74.1,49213748.0,123.5,2014-08-12,33,2014,0.015068493150684814,71.71599999999998,0.019486176856032822,124.01392694520524,19.418073054794725,3.4158351833775753,0.019486176856032822,0
30,2014-08-19/2014-08-25,75.37,74.4149,75.58,74.53,67041922.0,124.21666666666667,2014-08-19,34,2014,0.005802968960863852,73.03799999999998,0.0197000250860754,125.33592694520524,20.740073054794728,2.8036708080657613,0.0197000250860754,0
31,2014-08-26/2014-09-01,74.65,74.46,76.28,74.55,34314050.0,124.25,2014-08-26,35,2014,0.00026834831611433074,74.29799999999997,0.01878196330053501,126.59592694520524,22.00007305479472,0.8463864365643728,0.01878196330053501,0
32,2014-09-02/2014-09-08,76.535,75.47,78.17,77.921,80089622.0,129.86833333333334,2014-09-02,36,2014,0.045217974513749315,74.82019999999997,0.007136913514640186,127.11812694520523,22.522273054794717,1.8441800888200024,0.007136913514640186,0
33,2014-09-09/2014-09-15,77.525,73.43,78.36,77.27,133832418.0,128.78333333333333,2014-09-09,37,2014,-0.0083546155721822,75.67419999999997,0.011600633873846022,127.97212694520522,23.376273054794716,1.77804758091569,0.011600633873846022,0
34,2014-09-16/2014-09-22,76.14,73.07,78.3,76.72,132932338.0,127.86666666666667,2014-09-16,38,2014,-0.0071178982787627465,76.19819999999997,0.0071633555879565105,128.49612694520522,23.900273054794717,1.5723012434009402,0.0071633555879565105,0
35,2014-09-23/2014-09-29,77.7,77.13,78.99,78.63,36084676.0,131.05,2014-09-23,39,2014,0.02489572471324286,77.01819999999998,0.010981906738432311,129.31612694520524,24.720273054794724,1.5538086111230553,0.010981906738432311,0
36,2014-09-30/2014-10-06,79.085,75.64,79.7,77.3,144870964.0,128.83333333333334,2014-09-30,40,2014,-0.01691466361439653,77.56819999999998,0.00754530435233014,129.86612694520522,25.27027305479472,0.7301001301192674,0.00754530435233014,0
37,2014-10-07/2014-10-13,77.695,72.76,78.04,73.79,80628191.0,122.98333333333335,2014-10-07,41,2014,-0.045407503234152546,76.74199999999999,-0.010579791197250232,129.03992694520525,24.444073054794735,1.793702873945437,-0.010579791197250232,0
38,2014-10-14/2014-10-20,73.85,70.32,77.34,76.61,188205389.0,127.68333333333334,2014-10-14,42,2014,0.03821656050955413,76.60999999999999,-0.0012655559809029659,128.90792694520525,24.31207305479473,1.7692512540620446,-0.0012655559809029659,0
39,2014-10-21/2014-10-27,78.63,76.95,81.0499,80.37,89750795.0,133.95000000000002,2014-10-21,43,2014,0.049079754601227155,77.33999999999999,0.009973974595095015,129.63792694520524,25.042073054794734,2.448571011835297,0.009973974595095015,0
40,2014-10-28/2014-11-03,75.79,72.9,79.0,74.02,182297136.0,123.36666666666666,2014-10-28,44,2014,-0.07900958068931208,76.41799999999998,-0.010807086485415974,128.71592694520524,24.120073054794723,2.6967517497908706,-0.010807086485415974,0
41,2014-11-04/2014-11-10,74.09,73.65,76.8,74.95,112256630.0,124.91666666666667,2014-11-04,45,2014,0.012564171845447225,75.94799999999998,-0.004911319393447222,128.24592694520524,23.650073054794724,2.709357857500579,-0.004911319393447222,0
42,2014-11-11/2014-11-17,74.84,73.5,75.655,74.83,96166719.0,124.71666666666667,2014-11-11,46,2014,-0.0016010673782522744,76.15599999999998,0.0038499677777328323,128.45392694520524,23.858073054794723,2.5366868155135225,0.0038499677777328323,0
43,2014-11-18/2014-11-24,74.17,72.51,74.55,73.7,64782322.0,122.83333333333334,2014-11-18,47,2014,-0.01510089536282233,75.57399999999997,-0.00681352339674246,127.87192694520522,23.276073054794715,2.7327330641685665,-0.00681352339674246,0
44,2014-11-25/2014-12-01,77.44,74.8,78.27,75.8,76065178.0,126.33333333333333,2014-11-25,48,2014,0.028493894165535938,74.65999999999997,-0.010930695483880704,126.95792694520523,22.362073054794713,0.8282209850034572,-0.010930695483880704,0
45,2014-12-02/2014-12-08,75.61,74.47,76.76,76.36,52548423.0,127.26666666666667,2014-12-02,49,2014,0.0073878627968337884,75.12799999999997,0.006348793213348469,127.42592694520522,22.830073054794717,1.016006889740469,0.006348793213348469,0
46,2014-12-09/2014-12-15,75.65,74.78,78.68,77.8001,51283547.0,129.66683333333333,2014-12-09,50,2014,0.018859350445259215,75.69801999999997,0.0076078289333108675,127.99594694520522,23.400093054794716,1.5502338862249474,0.0076078289333108675,0
47,2014-12-16/2014-12-22,77.15,74.68,81.89,81.5868,131143482.0,135.978,2014-12-16,51,2014,0.04867217394322121,77.04937999999997,0.017662477197605563,129.34730694520522,24.751453054794716,2.932844281921578,0.017662477197605563,0
48,2014-12-23/2014-12-29,80.76899999999999,79.71,82.17,80.16,49627899.0,133.6,2014-12-23,52,2014,-0.017488123078733375,78.34137999999997,0.017185031654423356,130.63930694520522,26.043453054794718,2.4757621416444913,0.017185031654423356,0
49,2014-12-30/2015-01-05,80.1,76.86,80.59,77.3299,74666311.0,128.88316666666665,2014-12-30,1,2014,-0.03530563872255488,78.64735999999996,0.004425125076805192,130.94528694520523,26.34943305479471,2.1571945561307437,0.004425125076805192,0
50,2015-01-06/2015-01-12,77.38,75.82,78.62,77.72,64040170.0,70.65454545454544,2015-01-06,2,2015,0.005044620515479936,78.91935999999995,0.003956476620534421,131.21728694520522,26.6214330547947,1.8622576494674719,0.003956476620534421,0
51,2015-01-13/2015-01-19,76.65,73.3,77.2,75.13,45339674.0,68.3,2015-01-13,3,2015,-0.03332475553268144,78.38533999999996,-0.006480344575053709,130.68326694520522,26.087413054794702,2.5274806464145527,-0.006480344575053709,0
52,2015-01-20/2015-01-26,76.16,74.82,78.47,77.6,74376284.0,70.54545454545453,2015-01-20,4,2015,0.03287634766404901,77.58797999999996,-0.00963950983088815,129.88590694520522,25.290053054794704,1.784736087493096,-0.00963950983088815,0
53,2015-01-27/2015-02-02,75.78,74.21,79.35,76.0,117674728.0,69.09090909090908,2015-01-27,5,2015,-0.020618556701030855,76.75597999999995,-0.010265596555347645,129.0539069452052,24.458053054794696,1.138684022018484,-0.010265596555347645,0
54,2015-02-03/2015-02-09,76.0352,74.25,76.35,74.53,53884600.0,67.75454545454545,2015-02-03,6,2015,-0.019342105263157827,76.19599999999994,-0.007072889863468235,128.4939269452052,23.898073054794686,1.4356287821021938,-0.007072889863468235,0
55,2015-02-10/2015-02-16,76.89,75.89,77.25,76.05,16388562.0,69.13636363636363,2015-02-10,7,2015,0.020394472024688026,75.86199999999994,-0.0040029195616266165,128.1599269452052,23.564073054794683,1.1602887571635998,-0.0040029195616266165,0
56,2015-02-17/2015-02-23,79.189,76.57,79.84,79.36,43976274.0,72.14545454545454,2015-02-17,8,2015,0.043523997370151335,76.70799999999994,0.011366831018939937,129.0059269452052,24.410073054794687,1.8375717673060308,0.011366831018939937,0
57,2015-02-24/2015-03-02,78.65,78.1,81.37,79.36,93123938.0,72.14545454545454,2015-02-24,9,2015,0.0,77.05999999999995,0.004791561486130136,129.3579269452052,24.76207305479469,2.1865840939694468,0.004791561486130136,0
58,2015-03-03/2015-03-09,79.6,78.52,81.33,78.79,86040674.0,71.62727272727273,2015-03-03,10,2015,-0.007182459677419262,77.61799999999995,0.007478780890852454,129.9159269452052,25.320073054794697,2.20437519492489,0.007478780890852454,0
59,2015-03-10/2015-03-16,78.92,77.8,79.05,78.719,15326051.0,71.56272727272726,2015-03-10,11,2015,-0.000901129584972904,78.45579999999995,0.01116697602648944,130.75372694520522,26.1578730547947,1.3787669128609361,0.01116697602648944,0
60,2015-03-17/2015-03-23,79.07,77.86,83.0,82.79,96978650.0,75.26363636363637,2015-03-17,12,2015,0.05171559598064013,79.80379999999995,0.01743120081767986,132.1017269452052,27.505873054794698,1.696753429346745,0.01743120081767986,0
61,2015-03-24/2015-03-30,83.07,81.9992,85.89,83.65,59116557.0,76.04545454545455,2015-03-24,13,2015,0.010387727986471695,80.66179999999994,0.010803946940943932,132.9597269452052,28.363873054794688,2.3680880895777223,0.010803946940943932,0
62,2015-03-31/2015-04-06,82.995,80.87,83.5,81.9,58369081.0,74.45454545454545,2015-03-31,14,2015,-0.02092050209205021,81.16979999999994,0.00661984652253389,133.4677269452052,28.871873054794683,2.290169251387289,0.00661984652253389,0
63,2015-04-07/2015-04-13,82.18,81.71,82.8,81.85,15236953.0,74.40909090909089,2015-04-07,15,2015,-0.0006105006105007194,81.78179999999995,0.007934238335917599,134.0797269452052,29.483873054794692,1.864537797954166,0.007934238335917599,0
64,2015-04-14/2015-04-20,82.7,82.44,83.69,83.28,18928839.0,75.7090909090909,2015-04-14,16,2015,0.017470983506414184,82.69399999999995,0.011608660954195016,134.9919269452052,30.39607305479469,0.8076694868568979,0.011608660954195016,0
65,2015-04-21/2015-04-27,83.8397,81.0,85.16,81.66,93556003.0,74.23636363636362,2015-04-21,17,2015,-0.019452449567723407,82.46799999999995,-0.002624948155477691,134.7659269452052,30.170073054794692,0.9238344007449076,-0.002624948155477691,0
66,2015-04-28/2015-05-04,78.89,78.11,79.76,78.8,35708697.0,71.63636363636363,2015-04-28,18,2015,-0.03502326720548621,81.49799999999996,-0.011707147193869272,133.79592694520522,29.200073054794707,1.6406157380690247,-0.011707147193869272,0
67,2015-05-05/2015-05-11,78.29,77.05,79.26,78.2,48695590.0,71.0909090909091,2015-05-05,19,2015,-0.0076142131979695105,80.75799999999995,-0.009045889415053132,133.05592694520521,28.460073054794698,2.164698593338073,-0.009045889415053132,0
68,2015-05-12/2015-05-18,80.35,80.18,81.98,80.24,25941091.0,72.94545454545454,2015-05-12,20,2015,0.02608695652173898,80.43599999999995,-0.0037063979886051922,132.7339269452052,28.138073054794695,2.079730751804153,-0.0037063979886051922,0
69,2015-05-19/2015-05-25,80.44,79.46,81.1,80.52,35050653.0,73.19999999999999,2015-05-19,21,2015,0.0034895314057825644,79.88399999999994,-0.006502688408731516,132.1819269452052,27.58607305479469,1.387112107942221,-0.006502688408731516,0
70,2015-05-26/2015-06-01,79.52,78.66,81.0745,79.8565,72073020.0,72.59681818181818,2015-05-26,22,2015,-0.00824018877297561,79.52329999999995,-0.004260236249781957,131.8212269452052,27.225373054794694,0.9864554982359511,-0.004260236249781957,0
71,2015-06-02/2015-06-08,80.45,79.56,82.751,81.157,79364695.0,73.7790909090909,2015-06-02,23,2015,0.016285462047547883,79.99469999999994,0.006001509600824862,132.2926269452052,27.696773054794683,1.1098536840502344,0.006001509600824862,0
72,2015-06-09/2015-06-15,80.16,79.32,82.9,81.6102,44429688.0,74.1910909090909,2015-06-09,24,2015,0.005584237958524918,80.67673999999995,0.008641199832123747,132.9746669452052,28.378813054794698,0.7053545477274812,0.008641199832123747,0
73,2015-06-16/2015-06-22,82.3151,82.12,83.15,82.71,19048796.0,75.19090909090907,2015-06-16,25,2015,0.013476256644389784,81.17073999999994,0.006119059856653908,133.4686669452052,28.872813054794683,1.0855096213299014,0.006119059856653908,0
74,2015-06-23/2015-06-29,87.32,85.73,88.34,86.6,61876403.0,78.72727272727272,2015-06-23,26,2015,0.047031797847902235,82.38673999999995,0.014827513145077843,134.6846669452052,30.08881305479469,2.5677541817704577,0.014827513145077843,0
75,2015-06-30/2015-07-06,86.74,85.765,87.95,87.01,40396258.0,79.1,2015-06-30,27,2015,0.004734411085450363,83.81743999999995,0.017422433116763038,136.1153669452052,31.519513054794693,2.788877564182335,0.017422433116763038,0
76,2015-07-07/2015-07-13,85.98100000000001,85.445,90.43,88.6,95700730.0,80.54545454545453,2015-07-07,28,2015,0.018273761636593333,85.30603999999995,0.017820093034572125,137.6039669452052,33.0081130547947,2.9927680177386726,0.017820093034572125,0
77,2015-07-14/2015-07-20,89.94,89.77,92.84,92.5,20766748.0,84.09090909090908,2015-07-14,29,2015,0.04401805869074504,87.48399999999994,0.02550685718101615,139.78192694520519,35.18607305479468,3.5427009470175777,0.02550685718101615,0
78,2015-07-21/2015-07-27,98.08,93.8301,99.3,94.23,157608173.0,85.66363636363636,2015-07-21,30,2015,0.01870270270270269,89.78799999999993,0.026552146392678732,142.0859269452052,37.49007305479467,3.4050800284279754,0.026552146392678732,0
79,2015-07-28/2015-08-03,95.7,90.6,97.49,93.74,244602896.0,85.2181818181818,2015-07-28,31,2015,-0.005200042449326259,91.21599999999992,0.016105778333233033,143.51392694520518,38.91807305479467,3.226349330125138,0.016105778333233033,0
80,2015-08-04/2015-08-10,93.76,93.33,98.74,96.87,58913165.0,88.06363636363636,2015-08-04,32,2015,0.0333902282910179,93.18799999999992,0.02183694177434654,145.48592694520516,40.89007305479466,3.01954797941659,0.02183694177434654,0
81,2015-08-11/2015-08-17,93.45,92.9006,95.01,93.7151,52352280.0,85.19554545454545,2015-08-11,33,2015,-0.032568390626612986,94.21101999999992,0.011668511321705276,146.50894694520517,41.913093054794665,1.6175537709760046,0.011668511321705276,0
82,2015-08-18/2015-08-24,95.37700000000001,72.0,95.85,82.15,157506115.0,74.68181818181819,2015-08-18,34,2015,-0.12340700698179907,92.14101999999991,-0.021816501812803545,144.43894694520517,39.84309305479466,5.735460635554813,-0.021816501812803545,0
83,2015-08-25/2015-08-31,85.27,83.26,91.48,90.25,104657941.0,82.04545454545453,2015-08-25,35,2015,0.09860012172854526,91.3450199999999,-0.005837018007635031,143.64294694520515,39.04709305479465,5.6485855310864235,-0.005837018007635031,0
84,2015-09-01/2015-09-07,89.3777,87.73,90.71,89.07,25684863.0,80.97272727272725,2015-09-01,36,2015,-0.013074792243767397,90.41101999999992,-0.007411967966523258,142.70894694520518,38.11309305479467,5.538593702556543,-0.007411967966523258,0
85,2015-09-08/2015-09-14,89.66,88.83,92.3,91.55,76272760.0,83.22727272727272,2015-09-08,37,2015,0.0278432693387225,89.3470199999999,-0.008521359756982339,141.64494694520516,37.049093054794646,4.3767126250188095,-0.008521359756982339,0
86,2015-09-15/2015-09-21,95.62,94.3,96.49,95.03,27450404.0,86.39090909090909,2015-09-15,38,2015,0.038012015292190116,89.6099999999999,0.0055947214267782815,141.90792694520516,37.312073054794645,4.73003171236716,0.0055947214267782815,0
87,2015-09-22/2015-09-28,93.9698,88.18,94.765,89.19,66485324.0,81.08181818181818,2015-09-22,39,2015,-0.061454277596548534,91.01799999999992,0.01798526730382839,143.31592694520518,38.72007305479466,2.4548564112792763,0.01798526730382839,0
88,2015-09-29/2015-10-05,86.66,85.72,94.27,93.9,92393029.0,85.36363636363636,2015-09-29,40,2015,0.05280861083081079,91.7479999999999,0.008826965124281494,144.04592694520517,39.45007305479465,2.699855551691409,0.008826965124281494,0
89,2015-10-06/2015-10-12,91.745,90.47,94.6,94.14,84224391.0,85.58181818181818,2015-10-06,41,2015,0.002555910543130979,92.76199999999992,0.011953105681661169,145.05992694520518,40.46407305479466,2.3751778880746666,0.011953105681661169,0
90,2015-10-20/2015-10-26,97.7,96.47,103.92,103.68,138839113.0,94.25454545454545,2015-10-20,43,2015,0.10133843212237093,95.1879999999999,0.026652138238390854,147.48592694520516,42.89007305479465,5.264795342650902,0.026652138238390854,0
91,2015-10-27/2015-11-02,101.94,101.18,105.4,103.05,53372927.0,93.68181818181817,2015-10-27,44,2015,-0.006076388888888951,96.79199999999992,0.01783445740217504,149.08992694520518,44.49407305479466,6.320488114061962,0.01783445740217504,0
92,2015-11-03/2015-11-09,103.27,102.0,110.65,107.03,131781861.0,97.3,2015-11-03,45,2015,0.03862202814167892,100.35999999999991,0.037849718549820534,152.65792694520516,48.06207305479466,5.982629020756532,0.037849718549820534,0
93,2015-11-10/2015-11-16,108.07,103.05,109.87,103.32,93825694.0,93.92727272727271,2015-11-10,46,2015,-0.03466317854807066,102.24399999999991,0.020355360674044243,154.54192694520518,49.94607305479466,4.807549271718199,0.020355360674044243,0
94,2015-11-17/2015-11-23,105.69,105.0,108.0,106.87,40925154.0,97.15454545454546,2015-11-17,47,2015,0.034359272164150356,104.78999999999992,0.026716032998248117,157.08792694520517,52.492073054794666,1.985232983807702,0.026716032998248117,0
95,2015-11-24/2015-11-30,106.92,103.75,106.93,104.01,23694019.0,94.55454545454545,2015-11-24,48,2015,-0.02676148591746985,104.85599999999991,0.0010960493902799628,157.15392694520517,52.558073054794654,1.944165630803618,0.0010960493902799628,0
96,2015-12-01/2015-12-07,107.15,103.35,107.92,104.55,65176317.0,95.04545454545453,2015-12-01,49,2015,0.005191808479953819,105.1559999999999,0.0033496888640485167,157.45392694520515,52.85807305479465,1.695665061265933,0.0033496888640485167,0
97,2015-12-08/2015-12-14,106.45,101.46,106.91,102.21,104248206.0,92.91818181818181,2015-12-08,50,2015,-0.022381635581061765,104.19199999999992,-0.00885104388049962,156.48992694520518,51.89407305479467,1.733614720749135,-0.00885104388049962,0
98,2015-12-15/2015-12-21,104.66,104.19,107.75,106.54,40470897.0,96.85454545454546,2015-12-15,51,2015,0.042363760884453594,104.83599999999993,0.00655434400600523,157.1339269452052,52.53807305479467,1.917075898340502,0.00655434400600523,0
99,2015-12-22/2015-12-28,104.29,103.86,107.2,104.5,18128042.0,94.99999999999999,2015-12-22,52,2015,-0.019147737938802423,104.36199999999992,-0.0041470580145853255,156.65992694520517,52.06407305479467,1.5454028600976768,-0.0041470580145853255,0
100,2015-12-29/2016-01-04,106.89,99.75,107.74,100.5882,78701590.0,91.44381818181817,2015-12-29,53,2015,-0.037433492822966485,103.67763999999993,-0.006281459395684652,155.97556694520517,51.37971305479467,2.3091664833870538,-0.006281459395684652,0
101,2016-01-05/2016-01-11,102.4762,97.0311,103.7099,97.18,96961985.0,75.33333333333334,2016-01-05,1,2016,-0.03388270194714682,102.20363999999994,-0.01409636148110478,154.50156694520518,49.90571305479468,3.602913161317975,-0.01409636148110478,0
102,2016-01-12/2016-01-18,99.45,95.01,100.58,95.05,58137659.0,73.68217054263566,2016-01-12,2,2016,-0.02191809014200463,100.77163999999995,-0.014003652393293353,153.0695669452052,48.47371305479469,4.817814281185859,-0.014003652393293353,0
103,2016-01-19/2016-01-25,90.94,89.37,98.47,98.2,84741772.0,76.12403100775194,2016-01-19,3,2016,0.03314045239347707,99.10363999999994,-0.01584831409148866,151.4015669452052,46.80571305479469,3.6150232707409473,-0.01584831409148866,0
104,2016-01-26/2016-02-01,102.6,94.23,112.84,112.15,216684913.0,86.93798449612403,2016-01-26,4,2016,0.14205702647657836,100.63363999999994,0.016392638791587498,152.9315669452052,48.33571305479469,6.7389888149483115,0.016392638791587498,0
105,2016-02-02/2016-02-08,114.67,109.22,117.59,109.35,145936292.0,84.76744186046511,2016-02-02,5,2016,-0.0249665626393224,102.38599999999994,0.018886024828316316,154.6839269452052,50.088073054794684,7.782591470711947,0.018886024828316316,0
106,2016-02-09/2016-02-15,102.90799999999999,98.65,105.11,101.97,118461249.0,79.04651162790698,2016-02-09,6,2016,-0.06748971193415632,103.34399999999997,0.012164622830914417,155.64192694520523,51.04607305479471,7.2587312941035576,0.012164622830914417,0
107,2016-02-16/2016-02-22,102.26,100.4,108.25,106.8,112371449.0,82.7906976744186,2016-02-16,7,2016,0.04736687260959105,105.69399999999996,0.026021615381233553,157.99192694520522,53.396073054794705,5.619112919313701,0.026021615381233553,0
108,2016-02-23/2016-02-29,105.93,105.12,109.45,107.25,77495230.0,83.13953488372093,2016-02-23,8,2016,0.004213483146067398,107.50399999999995,0.02023622153175162,159.8019269452052,55.20607305479469,3.7476099049925335,0.02023622153175162,0
109,2016-03-01/2016-03-07,109.31,106.85,110.55,108.32,92608701.0,83.96899224806201,2016-03-01,9,2016,0.00997668997668999,106.73799999999994,-0.0061798457682260555,159.0359269452052,54.44007305479469,2.842757464153098,-0.0061798457682260555,0
110,2016-03-08/2016-03-14,106.51,105.49,110.33,109.88,78154334.0,85.1782945736434,2016-03-08,10,2016,0.014401772525849399,106.84399999999994,0.001693821264808304,159.1419269452052,54.54607305479468,2.9714693335113096,0.001693821264808304,0
111,2016-03-15/2016-03-21,109.43,108.84,112.69,111.32,89701955.0,86.29457364341084,2016-03-15,11,2016,0.013105205678922482,108.71399999999994,0.017812804787424065,161.0119269452052,56.41607305479469,1.8783450162305333,0.017812804787424065,0
112,2016-03-22/2016-03-28,113.95,112.8,114.5889,113.79,20164856.0,88.2093023255814,2016-03-22,12,2016,0.02218828602227818,110.11199999999994,0.01277708746996149,162.4099269452052,57.81407305479468,2.571141769719839,0.01277708746996149,0
113,2016-03-29/2016-04-04,115.21,107.96,116.36,116.03,70268922.0,89.94573643410853,2016-03-29,13,2016,0.019685385358994667,111.86799999999994,0.015871467912546944,164.1659269452052,59.57007305479468,3.0764053699078677,0.015871467912546944,0
114,2016-04-05/2016-04-11,113.66,109.9,114.89,113.04,84754269.0,87.62790697674419,2016-04-05,14,2016,-0.025769197621304807,112.81199999999994,0.008722290392947984,165.1099269452052,60.514073054794686,2.355136938693358,0.008722290392947984,0
115,2016-04-12/2016-04-18,110.97,109.0,112.04,109.8559,46078690.0,85.15961240310078,2016-04-12,15,2016,-0.028167905166312845,112.80717999999995,0.0002083548545155356,165.1051069452052,60.50925305479469,2.362650368124304,0.0002083548545155356,0
116,2016-04-19/2016-04-25,112.25,109.01,116.49,109.8999,103384468.0,85.19372093023256,2016-04-19,16,2016,0.00040052468734042,112.52315999999996,-0.002332581343800877,164.82108694520522,60.22523305479471,2.653568488469424,-0.002332581343800877,0
117,2016-04-26/2016-05-02,119.83,115.84,121.71,116.01,115684772.0,89.93023255813954,2016-04-26,17,2016,0.055596956867112635,112.96715999999996,0.004349152825166014,165.2650869452052,60.66923305479471,3.071367467920094,0.004349152825166014,0
118,2016-05-03/2016-05-09,117.79,116.5,120.28,119.56,84850617.0,92.68217054263566,2016-05-03,18,2016,0.030600810274976187,113.67315999999997,0.006532237808362318,165.97108694520523,61.37523305479471,4.16309869244027,0.006532237808362318,0
119,2016-05-10/2016-05-16,119.8,117.35,121.08,118.58,66763159.0,91.92248062015503,2016-05-10,19,2016,-0.008196721311475419,114.78115999999997,0.010046733070328195,167.07908694520523,62.48323305479472,4.660027631141019,0.010046733070328195,0
120,2016-05-17/2016-05-23,118.2,115.88,119.19,116.7044,39255868.0,90.46852713178295,2016-05-17,20,2016,-0.015817169843143852,116.15085999999997,0.012516880134961994,168.44878694520523,63.85293305479471,3.7723900140358886,0.012516880134961994,0
121,2016-05-24/2016-05-30,117.28,116.12,119.7601,119.52,54356400.0,92.65116279069767,2016-05-24,21,2016,0.02412591127669561,118.07487999999996,0.017261957452833033,170.3728069452052,65.77695305479472,1.6348581198371974,0.017261957452833033,0
122,2016-06-07/2016-06-13,117.99,113.31,119.3,114.36,88344280.0,88.65116279069767,2016-06-07,23,2016,-0.04317269076305219,117.74487999999997,-0.002491972073199933,170.04280694520523,65.4469530547947,2.21828471391696,-0.002491972073199933,0
123,2016-06-14/2016-06-20,113.14,112.94,114.5,113.96,17886274.0,88.34108527131782,2016-06-14,24,2016,-0.0034977264777894534,116.62487999999999,-0.00931167942375306,168.92280694520525,64.32695305479473,2.4719326592764763,-0.00931167942375306,0
124,2016-06-28/2016-07-04,112.78,109.25,115.13,114.01,38574839.0,88.37984496124031,2016-06-28,26,2016,0.0004387504387506347,115.71087999999997,-0.00758458507370785,168.00880694520524,63.41295305479472,2.4124638592106917,-0.00758458507370785,0
125,2016-07-05/2016-07-11,113.49,112.97,117.5,117.024,51173265.0,90.71627906976744,2016-07-05,27,2016,0.026436277519515716,115.77479999999998,0.0008661043988240635,168.07272694520523,63.47687305479473,2.4493213754013046,0.0008661043988240635,0
126,2016-07-12/2016-07-18,117.89,116.39,119.65,118.97,64168051.0,92.22480620155038,2016-07-12,28,2016,0.016629067541700904,115.66479999999999,-0.0006332643481748778,167.96272694520525,63.36687305479473,2.2427093436283143,-0.0006332643481748778,0
127,2016-07-19/2016-07-25,120.79,117.78,121.86,121.29,34347100.0,94.0232558139535,2016-07-19,29,2016,0.01950071446583168,117.05079999999998,0.011901416697601896,169.34872694520524,64.75287305479472,3.1801876045286512,0.011901416697601896,0
128,2016-07-26/2016-08-01,122.03,120.0,133.91,124.1365,195577966.0,96.2298449612403,2016-07-26,30,2016,0.023468546458900175,119.08609999999996,0.017294671284939823,171.38402694520522,66.7881730547947,3.8857509634558007,0.017294671284939823,0
129,2016-08-02/2016-08-08,122.63,122.07,125.835,125.025,72779703.0,96.9186046511628,2016-08-02,31,2016,0.0071574436205306124,121.28909999999996,0.01863840992129582,173.58702694520522,68.9911730547947,3.3776448599575524,0.01863840992129582,0
130,2016-08-09/2016-08-15,125.721,123.7,126.09,123.85,35604757.0,96.0077519379845,2016-08-09,32,2016,-0.009398120375924912,122.65429999999996,0.011471530342207692,174.9522269452052,70.35637305479472,2.4840599227872113,0.011471530342207692,0
131,2016-08-16/2016-08-22,123.6,122.78,124.83,123.86,37248423.0,96.01550387596899,2016-08-16,33,2016,8.074283407344396e-05,123.63229999999996,0.0081618654006822,175.93022694520522,71.3343730547947,1.3945824464683239,0.0081618654006822,0
132,2016-08-23/2016-08-29,124.76,123.1,126.73,125.7735,52988071.0,97.49883720930232,2016-08-23,34,2016,0.01544889391248172,124.52899999999997,0.007351501290012208,176.82692694520523,72.2310730547947,0.8452003460704273,0.007351501290012208,0
133,2016-08-30/2016-09-05,126.85,126.0,126.86,126.46,11252271.0,98.03100775193798,2016-08-30,35,2016,0.005458224506752263,124.99369999999999,0.0037494368995826255,177.29162694520525,72.69577305479473,1.156765836285604,0.0037494368995826255,0
134,2016-09-06/2016-09-12,126.7,125.3,131.98,126.855,83464016.0,98.33720930232558,2016-09-06,36,2016,0.0031235173177290854,125.3597,0.00294265163902232,177.65762694520527,73.06177305479474,1.4270692695162122,0.00294265163902232,0
135,2016-09-13/2016-09-19,128.81,127.67,130.09,128.66,27213341.0,99.73643410852712,2016-09-13,37,2016,0.014228843955697457,126.32169999999999,0.007668044505346794,178.61962694520525,74.02377305479473,1.7415275478721226,0.007668044505346794,0
136,2016-09-20/2016-09-26,128.285,126.8,130.73,127.5299,51681962.0,98.86038759689922,2016-09-20,38,2016,-0.008783615731385086,127.05567999999998,0.005895172792255088,179.35360694520523,74.75775305479473,1.0997522389144943,0.005895172792255088,0
137,2016-09-27/2016-10-03,129.411,127.45,129.47,128.4603,40129552.0,99.58162790697673,2016-09-27,39,2016,0.007295544025361922,127.59303999999997,0.004264502814831128,179.89096694520524,75.29511305479471,0.9647555249893229,0.004264502814831128,0
138,2016-10-04/2016-10-10,128.38,127.5499,130.7,130.55,50523674.0,101.20155038759691,2016-10-04,40,2016,0.016267282576796216,128.41103999999996,0.006426314428839919,180.70896694520522,76.1131130547947,1.3997522720101023,0.006426314428839919,0
139,2016-10-11/2016-10-17,128.52,126.75,130.64,127.696,51271881.0,98.9891472868217,2016-10-11,41,2016,-0.021861355802374693,128.57923999999997,0.001429339804819163,180.87716694520523,76.28131305479471,1.2026835839061933,0.001429339804819163,0
140,2016-10-18/2016-10-24,128.8,128.01,132.19,132.01,57334487.0,102.33333333333333,2016-10-18,42,2016,0.03378336048114261,129.24923999999996,0.005340243109908193,181.54716694520522,76.9513130547947,1.9560728010473936,0.005340243109908193,0
141,2016-10-25/2016-10-31,132.55,128.5,133.84,132.86,62355659.0,102.9922480620155,2016-10-25,43,2016,0.006438906143474199,130.31525999999997,0.00838474748488005,182.61318694520523,78.0173330547947,2.219478978949201,0.00838474748488005,0
142,2016-11-01/2016-11-07,129.6,116.31,132.04,122.485,87155634.0,94.94961240310077,2016-11-01,44,2016,-0.07808971850067747,129.12019999999998,-0.008692305020327829,181.41812694520524,76.82227305479472,4.196296009577668,-0.008692305020327829,0
143,2016-11-08/2016-11-14,121.95,113.5535,124.61,116.1397,94995867.0,90.03077519379845,2016-11-08,45,2016,-0.05180471078091187,126.23813999999997,-0.022306703691869444,178.53606694520522,73.94021305479473,6.988442311988964,-0.022306703691869444,0
144,2016-11-15/2016-11-21,114.97,114.96,115.15,115.0,14948.0,89.14728682170542,2016-11-15,46,2016,-0.009813181883541966,123.69893999999996,-0.0198970689081029,175.99686694520523,71.4010130547947,8.474757451868332,-0.0198970689081029,0
145,2016-11-22/2016-11-28,121.4627,119.6,122.98,121.17,48561183.0,93.93023255813954,2016-11-22,47,2016,0.053652173913043555,121.53093999999996,-0.01592330622172271,173.82886694520522,69.2330130547947,7.09060566298803,-0.01592330622172271,0
146,2016-11-29/2016-12-05,120.6,114.0,122.1,114.91,84670494.0,89.07751937984496,2016-11-29,48,2016,-0.051662952876124546,117.94093999999996,-0.02754367802564246,170.23886694520522,65.6430130547947,3.61093826698796,-0.02754367802564246,0
147,2016-12-06/2016-12-12,118.8039,117.6,119.5,118.444,37089097.0,91.8170542635659,2016-12-06,49,2016,0.03075450352449738,117.13273999999994,-0.005774833620607489,169.4306669452052,64.8348130547947,2.6689957171187224,-0.005774833620607489,0
148,2016-12-13/2016-12-19,118.19,117.6,122.5,119.685,60655483.0,92.77906976744185,2016-12-13,50,2016,0.010477525243997254,117.84179999999996,0.006681613584374335,170.1397269452052,65.54387305479472,2.806609377878939,0.006681613584374335,0
149,2016-12-20/2016-12-26,119.42,116.3,119.43,117.15,10056697.0,90.81395348837209,2016-12-20,51,2016,-0.02118059907256542,118.27179999999996,0.004408130146569644,170.56972694520522,65.9738730547947,2.397211129625002,0.004408130146569644,0
150,2016-12-27/2017-01-02,118.49,114.7739,118.68,115.17,27724289.0,89.27906976744185,2016-12-27,52,2016,-0.016901408450704314,117.07179999999997,-0.00970258632617993,169.36972694520523,64.7738730547947,2.062042967544094,-0.00970258632617993,0
151,2017-01-03/2017-01-09,117.33,115.05,125.43,124.83,107283076.0,35.767908309455585,2017-01-03,1,2017,0.083876009377442,119.05579999999998,0.01740520612453338,171.35372694520524,66.75787305479471,3.6346627353852092,0.01740520612453338,0
152,2017-01-10/2017-01-16,124.925,124.01,129.27,128.4,76108344.0,36.79083094555874,2017-01-10,2,2017,0.028598894496515426,121.04699999999998,0.01697408431893699,173.34492694520523,68.74907305479474,5.476277933048856,0.01697408431893699,0
153,2017-01-17/2017-01-23,127.98,126.64,129.25,127.69,70519210.0,36.587392550143264,2017-01-17,3,2017,-0.005529595015576372,122.648,0.013772660267022263,174.94592694520526,70.35007305479473,6.111809879241803,0.013772660267022263,0
154,2017-01-24/2017-01-30,129.45,128.38,133.86,130.5442,89777660.0,37.405214899713464,2017-01-24,4,2017,0.02235257263685475,125.32684000000002,0.022479294608906297,177.62476694520527,73.02891305479477,6.034441393202653,0.022479294608906297,0
155,2017-01-31/2017-02-06,130.075,129.5157,137.99,130.7,162740241.0,37.44985673352435,2017-01-31,5,2017,0.0011934655082339596,128.43284,0.02609826940069395,180.73076694520526,76.13491305479474,2.4047453769572837,0.02609826940069395,0
156,2017-02-07/2017-02-13,132.1402,103.0,134.94,134.01,79166108.0,38.398280802292255,2017-02-07,6,2017,0.02532517214996166,130.26884,0.014388101955197885,182.56676694520527,77.97091305479475,2.469867350283668,0.014388101955197885,0
157,2017-02-14/2017-02-20,133.75,132.55,134.23,133.39,49919045.0,38.22063037249283,2017-02-14,7,2017,-0.00462652040892475,131.26684,0.00774301897410985,183.56476694520526,78.96891305479474,2.5332802703209283,0.00774301897410985,0
158,2017-02-21/2017-02-27,133.33,132.9,137.1846,135.22,84052713.0,38.74498567335243,2017-02-21,8,2017,0.013719169353024974,132.77284,0.011592771847830119,185.07076694520526,80.47491305479474,2.0714454682654,0.011592771847830119,0
159,2017-02-28/2017-03-06,136.13,134.75,137.83,137.67,63240566.0,39.446991404011456,2017-02-28,9,2017,0.01811862150569432,134.198,0.010745981621598033,186.49592694520527,81.90007305479475,2.550660698720477,0.010745981621598033,0
160,2017-03-07/2017-03-13,137.485,136.99,140.6361,139.4901,62613680.0,39.9685100286533,2017-03-07,10,2017,0.013220745260405398,135.95602,0.013151437572032321,188.25394694520526,83.65809305479473,2.566156016690571,0.013151437572032321,0
161,2017-03-14/2017-03-20,138.82,138.49,140.6,139.675,72012644.0,40.0214899713467,2017-03-14,11,2017,0.0013255420994033873,137.08901999999998,0.008351511561920665,189.38694694520524,84.79109305479471,2.737060476496111,0.008351511561920665,0
162,2017-03-21/2017-03-27,140.19,137.6,142.3082,140.13,85475409.0,40.151862464183374,2017-03-21,12,2017,0.0032575621979593627,138.43702,0.009928328083297489,190.73494694520525,86.13909305479473,2.0276396750894836,0.009928328083297489,0
163,2017-03-28/2017-04-03,140.8142,140.0,142.95,141.16,63955476.0,40.446991404011456,2017-03-28,13,2017,0.007350317562263564,139.62501999999998,0.008654557725145206,191.92294694520524,87.32709305479472,1.2702335423050535,0.008654557725145206,0
164,2017-04-04/2017-04-10,141.58,140.24,143.44,141.1458,60787641.0,40.442922636103155,2017-04-04,14,2017,-0.00010059506942472485,140.32018,0.005010714410121397,192.61810694520526,88.02225305479473,0.7950478740282061,0.005010714410121397,0
165,2017-04-11/2017-04-17,139.85,138.81,141.78,140.87,47205451.0,40.363896848137536,2017-04-11,15,2017,-0.0019540078415369866,140.59616,0.0019757637897329207,192.89408694520526,88.29823305479474,0.6634849116571883,0.0019757637897329207,0
166,2017-04-18/2017-04-24,141.37,140.61,145.69,145.38,70276973.0,41.65616045845272,2017-04-18,16,2017,0.03201533328600825,141.73716,0.008113722027053894,194.03508694520525,89.43923305479473,2.078944041574142,0.008113722027053894,0
167,2017-04-25/2017-05-01,146.79,145.15,152.65,152.421,93256198.0,43.67363896848137,2017-04-25,17,2017,0.048431696244325195,144.19536,0.01714854883632706,196.49328694520526,91.89743305479473,4.965777154484114,0.01714854883632706,0
168,2017-05-02/2017-05-08,152.71,145.45,154.85,150.615,117170963.0,43.156160458452725,2017-05-02,18,2017,-0.011848760997500207,146.08636,0.013308733124374306,198.38428694520528,93.78843305479475,5.309301587590984,0.013308733124374306,0
169,2017-05-09/2017-05-15,150.84,148.86,152.59,150.05,63075192.0,42.99426934097421,2017-05-09,19,2017,-0.0037512863924575868,147.8672,0.012578594859767733,200.16512694520526,95.56927305479473,4.695718443432913,0.012578594859767733,0
170,2017-05-16/2017-05-22,149.17,143.6,150.83,148.24,89298288.0,42.4756446991404,2017-05-16,20,2017,-0.01206264578473848,149.34120000000001,0.010556867271127434,201.63912694520528,97.04327305479475,2.6699194182588846,0.010556867271127434,0
171,2017-05-23/2017-05-29,147.8799,139.97,152.59,151.6395,62918959.0,43.44971346704871,2017-05-23,21,2017,0.02293240690771725,150.5931,0.008740281995469234,202.89102694520525,98.29517305479473,1.602239698046361,0.008740281995469234,0
172,2017-05-30/2017-06-05,152.68,150.3,154.7088,153.65,70433276.0,44.02578796561605,2017-05-30,22,2017,0.01325841881567813,150.83890000000002,0.0017056265097398216,203.13682694520529,98.54097305479476,1.9981253213939505,0.0017056265097398216,0
173,2017-06-06/2017-06-12,153.845,144.56,155.59,148.7,106916737.0,42.60744985673352,2017-06-06,23,2017,-0.03221607549625782,150.4559,-0.0023678363900117017,202.75382694520528,98.15797305479475,2.222686223918199,-0.0023678363900117017,0
174,2017-06-13/2017-06-19,149.8,146.3747,153.57,152.85,94777420.0,43.796561604584525,2017-06-13,24,2017,0.02790854068594495,151.01590000000002,0.003964129025668806,203.31382694520528,98.71797305479475,2.437226712884069,0.003964129025668806,0
175,2017-06-20/2017-06-26,152.74,151.75,156.5,153.68,72077308.0,44.03438395415473,2017-06-20,25,2017,0.005430160287863917,152.1039,0.007462690240189284,204.40182694520527,99.80597305479475,2.0756555711378404,0.007462690240189284,0
176,2017-06-27/2017-07-03,153.15,147.8,153.66,151.75,87496157.0,43.48137535816619,2017-06-27,26,2017,-0.012558563248308174,152.12600000000003,0.00036449620898419964,204.4239269452053,99.82807305479477,2.070055554808989,0.00036449620898419964,0
177,2017-07-04/2017-07-10,149.79,147.8,153.98,153.44,53357026.0,43.965616045845266,2017-07-04,27,2017,0.011136738056013229,152.08400000000003,-5.983994294878059e-05,204.3819269452053,99.78607305479477,2.0332068266646033,-5.983994294878059e-05,0
178,2017-07-11/2017-07-17,154.1601,152.91,160.78,160.44,76433132.0,45.97134670487106,2017-07-11,28,2017,0.04562043795620441,154.43200000000002,0.015507462747543665,206.72992694520528,102.13407305479475,3.4402572578217683,0.015507462747543665,0
179,2017-07-18/2017-07-24,159.89,158.75,166.5,164.99,98019154.0,47.27507163323782,2017-07-18,29,2017,0.028359511343804655,156.86,0.015597656879115606,209.15792694520528,104.56207305479475,5.631034540827743,0.015597656879115606,0
180,2017-07-25/2017-07-31,165.08,158.0,179.21,170.0763,172929469.0,48.73246418338109,2017-07-25,30,2017,0.030827928965391882,160.13926,0.0206772106146212,212.43718694520527,107.84133305479475,7.70753940878637,0.0206772106146212,0
181,2017-08-01/2017-08-07,170.6,166.91,172.25,171.7289,63166277.0,49.20598853868195,2017-08-01,31,2017,0.00971681533523494,164.13504000000003,0.02513228633132982,216.4329669452053,111.83711305479477,7.44535825014449,0.02513228633132982,0
182,2017-08-08/2017-08-14,171.87,166.0,173.05,170.82,69839617.0,48.94555873925501,2017-08-08,32,2017,-0.005292644394740864,167.61104,0.021846409841179006,219.90896694520526,115.31311305479474,4.786057027762464,0.021846409841179006,0
183,2017-08-15/2017-08-21,171.5,165.82,171.97,167.56,65417123.0,48.01146131805157,2017-08-15,33,2017,-0.01908441634469027,169.03503999999998,0.00890543898100007,221.33296694520524,116.73711305479472,2.74159068297848,0.00890543898100007,0
184,2017-08-22/2017-08-28,169.33,165.88,169.87,166.5,53213722.0,47.70773638968481,2017-08-22,34,2017,-0.006326092146096918,169.33703999999997,0.0019683182830197545,221.63496694520524,117.03911305479471,2.2177317856301757,0.0019683182830197545,0
185,2017-08-29/2017-09-04,166.22,165.0,172.915,172.39,48443189.0,49.39541547277936,2017-08-29,35,2017,0.035375375375375384,169.79977999999997,0.0028778075650164547,222.09770694520523,117.50185305479471,2.6161400463267204,0.0028778075650164547,0
186,2017-09-05/2017-09-11,170.72,169.55,173.89,173.16,66001038.0,49.616045845272204,2017-09-05,36,2017,0.004466616393062228,170.08599999999996,0.0018277677765819122,222.38392694520522,117.7880730547947,2.9383975224591925,0.0018277677765819122,0
187,2017-09-12/2017-09-18,172.28,169.34,174.0,171.4999,58438057.0,49.140372492836676,2017-09-12,37,2017,-0.00958708708708711,170.22197999999997,0.0009688792381126632,222.51990694520524,117.92405305479471,2.9960233814164945,0.0009688792381126632,0
188,2017-09-19/2017-09-25,171.69,161.56,173.05,162.7638,84128432.0,46.637191977077364,2017-09-19,38,2017,-0.050939388302850275,169.26273999999998,-0.005402115153519338,221.56066694520524,116.96481305479472,4.467723942679803,-0.005402115153519338,0
189,2017-09-26/2017-10-02,165.045,162.78,171.87,171.11,79076561.0,49.02865329512894,2017-09-26,39,2017,0.05127798687423124,170.18473999999998,0.006118700650546293,222.48266694520524,117.88681305479471,4.224081146000199,0.006118700650546293,0
190,2017-10-03/2017-10-09,170.02,168.0,174.88,172.54,59662756.0,49.438395415472776,2017-10-03,40,2017,0.008357197124656546,170.21473999999998,0.0007150650004025261,222.51266694520524,117.91681305479472,4.2441437331921685,0.0007150650004025261,0
191,2017-10-10/2017-10-16,171.81,170.8,175.0,174.18,55536560.0,49.90830945558739,2017-10-10,41,2017,0.009505042309029932,170.41874,0.0017227501835960668,222.71666694520528,118.12081305479475,4.44104927106133,0.0017227501835960668,0
192,2017-10-17/2017-10-23,175.16,171.25,176.89,174.5105,65782062.0,50.00300859598854,2017-10-17,42,2017,0.0018974623952232594,171.02086,0.00401966008005814,223.31878694520526,118.72293305479474,4.812809080775422,0.00401966008005814,0
193,2017-10-24/2017-10-30,172.68,168.89,180.69,178.95,88758361.0,51.275071633237815,2017-10-24,43,2017,0.025439729987593696,174.2581,0.019295483738146935,226.55602694520528,121.96017305479475,2.955762684992478,0.019295483738146935,0
194,2017-10-31/2017-11-06,179.63,176.71,188.0,180.28,124935173.0,51.65616045845272,2017-10-31,44,2017,0.007432243643475944,176.09210000000002,0.010526335091995876,228.39002694520528,123.79417305479475,3.334707565888495,0.010526335091995876,0
195,2017-11-07/2017-11-13,180.17,177.09,180.7478,178.77,52753916.0,51.22349570200573,2017-11-07,45,2017,-0.008375859773685379,177.33810000000003,0.00717972371232749,229.6360269452053,125.04017305479476,2.7960799434197026,0.00717972371232749,0
196,2017-11-14/2017-11-20,178.5768,176.06,179.98,178.92,54600550.0,51.266475644699135,2017-11-14,46,2017,0.0008390669575430998,178.28610000000003,0.005446528642030124,230.5840269452053,125.98817305479477,2.197017535203989,0.005446528642030124,0
197,2017-11-21/2017-11-27,181.22,178.6,183.73,183.04,43484174.0,52.446991404011456,2017-11-21,47,2017,0.023027051196065296,179.99200000000002,0.009672446402198531,232.28992694520528,127.69407305479476,1.8097983313048038,0.009672446402198531,0
198,2017-11-28/2017-12-04,183.6,0.0,184.25,173.42,120379950.0,49.690544412607444,2017-11-28,48,2017,-0.05255681818181823,178.88600000000002,-0.0059268632316838545,231.1839269452053,126.58807305479476,3.503238501728618,-0.0059268632316838545,0
199,2017-12-05/2017-12-11,173.62,0.0,182.28,179.2,89880895.0,51.34670487106017,2017-12-05,49,2017,0.03332948910160316,178.67000000000002,-0.0007474141400584111,230.96792694520528,126.37207305479475,3.428294036396786,-0.0007474141400584111,0
200,2017-12-12/2017-12-18,178.1616,0.0,181.5,180.78,84494752.0,51.79942693409742,2017-12-12,50,2017,0.008816964285714324,179.07200000000003,0.0026911506718215296,231.3699269452053,126.77407305479477,3.5583310694753743,0.0026911506718215296,0
201,2017-12-19/2017-12-25,178.99,0.0,181.0,177.13,43667103.0,50.75358166189111,2017-12-19,51,2017,-0.020190286536121316,178.71400000000006,-0.0015147200269113536,231.01192694520532,126.4160730547948,3.6658668824704703,-0.0015147200269113536,0
202,2017-12-26/2018-01-01,176.39,0.0,178.9367,176.4,36769823.0,50.54441260744986,2017-12-26,52,2017,-0.004121266866143447,177.38600000000005,-0.006944383639353102,229.68392694520531,125.08807305479479,2.8096583422177304,-0.006944383639353102,0
203,2018-01-02/2018-01-08,181.49,176.29,188.9,188.02,74078596.0,34.883116883116884,2018-01-02,1,2018,0.06587301587301586,180.30600000000007,0.016741583171613717,232.60392694520533,128.0080730547948,4.644822924503551,0.016741583171613717,0
204,2018-01-09/2018-01-15,187.95,177.0,188.8,179.84,106035406.0,33.36549165120594,2018-01-09,2,2018,-0.04350600999893628,180.43400000000005,0.0013744833515058285,232.73192694520532,128.1360730547948,4.615450140559824,0.0013744833515058285,0
205,2018-01-16/2018-01-22,180.8,175.8,186.5,183.4418,125959631.0,34.03372912801485,2018-01-16,3,2018,0.02002780249110314,180.96636000000007,0.003616650992583592,233.26428694520533,128.6684330547948,4.814551614428252,0.003616650992583592,0
206,2018-01-23/2018-01-29,188.11,185.35,190.66,186.54,99863486.0,34.608534322820034,2018-01-23,4,2018,0.016889280414823515,182.84836000000007,0.011032564382772558,235.14628694520533,130.5504330547948,4.7790640765733166,0.011032564382772558,0
207,2018-01-30/2018-02-05,187.53,177.1,195.32,184.61,172506249.0,34.250463821892396,2018-01-30,5,2018,-0.010346306422215013,184.49036000000007,0.009787556471558245,236.78828694520533,132.1924330547948,3.13843203654204,0.009787556471558245,0
208,2018-02-06/2018-02-12,181.04,167.18,185.77,175.6444,165022524.0,32.58708719851577,2018-02-06,6,2018,-0.04856508314825858,182.0152400000001,-0.013100063332696643,234.31316694520535,129.71731305479483,4.317423343615223,-0.013100063332696643,0
209,2018-02-13/2018-02-19,174.77,172.25,181.1,177.2,88764280.0,32.87569573283859,2018-02-13,7,2018,0.008856530581105915,181.4872400000001,-0.0026275552166882044,233.78516694520536,129.18931305479484,4.785956657554865,-0.0026275552166882044,0
210,2018-02-20/2018-02-26,177.83,175.11,185.66,185.43,94089118.0,34.40259740259741,2018-02-20,8,2018,0.04644469525959383,181.88488000000007,0.002655823337009933,234.18280694520533,129.5869530547948,5.063496526313976,0.002655823337009933,0
211,2018-02-27/2018-03-05,184.7,172.99,185.02,180.73,88755614.0,33.53061224489796,2018-02-27,9,2018,-0.025346491937658477,180.7228800000001,-0.005791331133486466,233.02080694520535,128.42495305479483,4.343626764812312,-0.005791331133486466,0
212,2018-03-06/2018-03-12,180.245,177.06,186.1,184.95,79038667.0,34.31354359925788,2018-03-06,10,2018,0.023349748243235657,180.79088000000007,0.0009478797996036681,233.08880694520533,128.4929530547948,4.4216539747015275,0.0009478797996036681,0
213,2018-03-13/2018-03-19,181.8,170.0,185.99,173.26,153066852.0,32.144712430426715,2018-03-13,11,2018,-0.06320627196539608,180.31400000000005,-0.001980357963823831,232.6119269452053,128.0160730547948,5.179163059799706,-0.001980357963823831,0
214,2018-03-20/2018-03-26,166.9,149.02,173.4,156.47,482000630.0,29.029684601113175,2018-03-20,12,2018,-0.09690638346992952,176.16800000000003,-0.02313294077403092,228.4659269452053,123.87007305479477,12.043542668168458,-0.02313294077403092,0
215,2018-03-27/2018-04-02,162.7448,150.0,162.85,155.2,230169565.0,28.794063079777366,2018-03-27,13,2018,-0.008116571866811584,170.122,-0.034045194199312,222.41992694520528,117.82407305479475,13.704830170417832,-0.034045194199312,0
216,2018-04-03/2018-04-09,156.0,150.49,161.6,157.93,202533824.0,29.300556586270876,2018-04-03,14,2018,0.01759020618556706,165.56200000000004,-0.025457854574666892,217.8599269452053,113.26407305479478,13.071310951851597,-0.025457854574666892,0
217,2018-04-10/2018-04-16,159.38,157.01,168.65,165.2301,185419315.0,30.654935064935067,2018-04-10,15,2018,0.046223643386310354,161.61802000000003,-0.020883075546051955,213.9159469452053,109.32009305479477,7.580854213213449,-0.020883075546051955,0
218,2018-04-17/2018-04-23,166.13,165.05,169.3,165.8,107425575.0,30.76066790352505,2018-04-17,16,2018,0.003449129426176034,160.12602,-0.007551995267737532,212.42394694520527,107.82809305479475,5.017477972248237,-0.007551995267737532,0
219,2018-04-24/2018-04-30,160.0,156.19,177.7,171.8,198125498.0,31.87384044526902,2018-04-24,17,2018,0.036188178528347326,163.19202,0.019066917131917837,215.48994694520528,110.89409305479475,6.6448078905259536,0.019066917131917837,0
220,2018-05-01/2018-05-07,172.45,170.23,179.5,178.64,111054810.0,33.14285714285714,2018-05-01,18,2018,0.039813736903375974,167.88002,0.02865297888595535,220.17794694520526,115.58209305479474,7.770052606127911,0.02865297888595535,0
221,2018-05-08/2018-05-14,178.39,176.91,188.32,187.235,88885298.0,34.737476808905384,2018-05-08,19,2018,0.04811352440662797,173.74102,0.03475764253016753,226.03894694520525,121.44309305479473,9.291805769170738,0.03475764253016753,0
222,2018-05-15/2018-05-21,183.935,182.22,186.18,184.5352,69033055.0,34.23658627087199,2018-05-15,20,2018,-0.014419312628515035,177.60204,0.022629051327202453,229.89996694520525,125.30411305479473,8.872595494442109,0.022629051327202453,0
223,2018-05-22/2018-05-28,183.995,181.75,187.25,184.76,48134095.0,34.278293135435995,2018-05-22,21,2018,0.0012181957696959511,181.39404,0.02218286459590644,233.69196694520525,129.09611305479473,6.223819695974049,0.02218286459590644,0
224,2018-05-29/2018-06-04,185.5501,183.12,194.5492,193.45,88801391.0,35.890538033395174,2018-05-29,22,2018,0.04703399004113451,185.72404,0.024352026898463875,238.02196694520526,133.42611305479474,5.350228836974589,0.024352026898463875,0
225,2018-06-05/2018-06-11,192.87,178.18,197.09,191.9,78893294.0,35.60296846011132,2018-06-05,23,2018,-0.0080124063065391,188.37604000000005,0.01478679825648086,240.6739669452053,136.07811305479478,4.101619607910318,0.01478679825648086,0
226,2018-06-12/2018-06-18,192.14,191.5,199.58,194.67,77726649.0,36.116883116883116,2018-06-12,24,2018,0.014434601354872179,189.86304,0.008051013646129701,242.16096694520527,137.56511305479475,4.861821902126236,0.008051013646129701,0
227,2018-06-19/2018-06-25,195.8052,193.11,203.55,195.65,103148993.0,36.2987012987013,2018-06-19,25,2018,0.005034160373966312,192.086,0.01194170824662597,244.38392694520527,139.78807305479475,4.328525152981604,0.01194170824662597,0
228,2018-06-26/2018-07-02,196.9,192.22,200.75,194.79,78701685.0,36.139146567717994,2018-06-26,26,2018,-0.004395604395604491,194.092,0.010818948213565882,246.38992694520527,141.79407305479475,1.4547920813622326,0.010818948213565882,0
229,2018-07-03/2018-07-09,193.21,192.52,205.8,204.24,67706161.0,37.89239332096475,2018-07-03,27,2018,0.04851378407515794,196.25,0.011114907020370568,248.54792694520526,143.95207305479474,4.683764511586186,0.011114907020370568,0
230,2018-07-10/2018-07-16,202.57,201.2,208.72,204.89,60513432.0,38.01298701298701,2018-07-10,28,2018,0.003182530356443225,198.84799999999998,0.013353894352967032,251.14592694520525,146.55007305479472,5.23759677714828,0.013353894352967032,0
231,2018-07-17/2018-07-23,209.7,204.1,214.72,210.8,69385948.0,39.109461966604826,2018-07-17,29,2018,0.02884474596124753,202.074,0.016235923274242104,254.37192694520527,149.77607305479475,6.765517718548528,0.016235923274242104,0
232,2018-07-24/2018-07-30,214.5,164.3,219.0,167.794,382500955.0,31.130612244897964,2018-07-24,30,2018,-0.2040132827324478,196.5028,-0.025573565347040715,248.80072694520527,144.20487305479475,17.042213741177942,-0.025573565347040715,0
233,2018-07-31/2018-08-06,173.23,169.9,185.8,185.74,175836233.0,34.46011131725418,2018-07-31,31,2018,0.10695257279759707,194.69279999999998,-0.003303929908400405,246.99072694520524,142.39487305479472,17.736064084232282,-0.003303929908400405,0
234,2018-08-07/2018-08-13,185.41,178.7,188.3,182.27,110036135.0,33.81632653061225,2018-08-07,32,2018,-0.018682028642188042,190.29879999999997,-0.016743092451869602,242.59672694520523,138.0008730547947,17.49937590887156,-0.016743092451869602,0
235,2018-08-14/2018-08-20,180.99,170.91,181.99,174.1853,123163380.0,32.316382189239334,2018-08-14,33,2018,-0.04435562626872225,184.15786,-0.026250723776902695,236.45578694520526,131.85993305479474,16.455232246856752,-0.026250723776902695,0
236,2018-08-21/2018-08-27,173.215,171.39,178.67,177.9,82099770.0,33.00556586270872,2018-08-21,34,2018,0.021326139461826044,177.57786000000002,-0.027754445076786993,229.87578694520528,125.27993305479475,6.999533220007908,-0.027754445076786993,0
237,2018-08-28/2018-09-03,176.3,174.75,179.7901,175.37,71050934.0,32.53617810760668,2018-08-28,35,2018,-0.014221472737492968,179.09306000000004,0.01020391692220397,231.3909869452053,126.79513305479477,4.838528579846812,0.01020391692220397,0
238,2018-09-04/2018-09-10,171.4152,160.0,175.97,164.33,140380586.0,30.487940630797777,2018-09-04,36,2018,-0.06295261447225864,174.81106000000005,-0.02377712053176717,227.10898694520532,122.51313305479479,6.6282340120120855,-0.02377712053176717,0
239,2018-09-11/2018-09-17,166.26,159.51,167.19,160.73,106825390.0,29.820037105751393,2018-09-11,37,2018,-0.02190713807582323,170.50306000000006,-0.02442214241849421,222.80098694520532,118.2051330547948,7.509661931005524,-0.02442214241849421,0
240,2018-09-18/2018-09-24,161.21,158.26,167.25,164.67,110121481.0,30.551020408163264,2018-09-18,38,2018,0.02451315871337023,168.60000000000005,-0.010648385422075713,220.8979269452053,116.30207305479479,7.548801229333936,-0.010648385422075713,0
241,2018-09-25/2018-10-01,165.206,160.07,171.77,162.4001,131743446.0,30.12988868274583,2018-09-25,39,2018,-0.013784538774518573,165.50002000000006,-0.017670521069344636,217.79794694520533,113.2020930547948,5.741014283381735,-0.017670521069344636,0
242,2018-10-02/2018-10-08,160.2,154.39,163.66,157.3596,125166387.0,29.194730983302414,2018-10-02,40,2018,-0.03103754246456747,161.89794000000006,-0.021033735014759535,214.19586694520532,109.6000130547948,2.9921568705522135,-0.021033735014759535,0
243,2018-10-09/2018-10-15,160.08,148.02,160.59,154.93,117141026.0,28.74397031539889,2018-10-09,41,2018,-0.015439795220628327,160.01794000000007,-0.011531171164433474,212.31586694520533,107.7200130547948,3.8979893198920728,-0.011531171164433474,0
244,2018-10-16/2018-10-22,157.92,153.28,160.5,154.58,85918123.0,28.679035250463826,2018-10-16,42,2018,-0.002259084747950668,158.78794000000008,-0.007601560498858961,211.08586694520534,106.49001305479482,4.535331987626995,-0.007601560498858961,0
245,2018-10-23/2018-10-29,154.33,139.03,154.9899,142.67,123294478.0,26.46938775510204,2018-10-23,43,2018,-0.07704748350368762,154.38794000000007,-0.02791368894227053,206.68586694520533,102.09001305479481,7.257174122066565,-0.02791368894227053,0
246,2018-10-30/2018-11-05,143.49,136.4,156.4,149.0749,168316263.0,27.65768089053804,2018-10-30,44,2018,0.04489310997406615,151.72290000000007,-0.01617815919255359,204.02082694520533,99.4249730547948,5.898893966668018,-0.01617815919255359,0
247,2018-11-06/2018-11-12,150.415,140.4899,153.01,141.12,92397705.0,26.181818181818183,2018-11-06,45,2018,-0.05336176646772872,148.47498000000007,-0.02064300399318584,200.77290694520534,96.17705305479481,6.463203153390134,-0.02064300399318584,0
248,2018-11-13/2018-11-19,142.75,130.92,145.58,135.8001,142075759.0,25.19482374768089,2018-11-13,46,2018,-0.037697704081632755,144.64900000000006,-0.025094585765386722,196.94692694520532,92.3510730547948,7.295318105126872,-0.025094585765386722,0
249,2018-11-20/2018-11-26,130.9288,126.71,137.19,135.7934,98830052.0,25.193580705009275,2018-11-20,47,2018,-4.933722434663501e-05,140.89168000000006,-0.024652636260665918,193.18960694520533,88.5937530547948,5.524859443188723,-0.024652636260665918,0
250,2018-11-27/2018-12-03,135.4,131.85,145.25,142.62,112546299.0,26.460111317254178,2018-11-27,48,2018,0.050271957252709054,140.88168000000007,0.0008112518906134181,193.17960694520534,88.58375305479481,5.5208798091419835,0.0008112518906134181,0
251,2018-12-04/2018-12-10,140.4,132.4,143.39,139.2,99647847.0,25.82560296846011,2018-12-04,49,2018,-0.02397980647875486,138.90670000000006,-0.012963331399950784,191.20462694520532,86.6087730547948,3.086945056198994,-0.012963331399950784,0
252,2018-12-11/2018-12-17,142.56,138.42,147.19,144.05,98137879.0,26.725417439703158,2018-12-11,50,2018,0.03484195402298873,139.49270000000004,0.0046774126981927065,191.7906269452053,87.19477305479478,3.8064017496832183,0.0046774126981927065,0
253,2018-12-18/2018-12-24,141.7089,122.55,145.93,125.575,189241856.0,23.297773654916515,2018-12-18,51,2018,-0.12825407844498438,137.44768000000005,-0.013433862174477618,189.7456069452053,85.14975305479479,7.367348940561412,-0.013433862174477618,0
254,2018-12-25/2018-12-31,131.75,124.0,136.0,130.19,110855682.0,24.153988868274585,2018-12-25,52,2018,0.036750945650009914,136.32700000000006,-0.006073805599606308,188.62492694520532,84.0290730547948,8.074171474522409,-0.006073805599606308,0
255,2019-01-01/2019-01-07,130.66,127.0,138.87,137.69,91925662.0,18.1889035667107,2019-01-01,1,2019,0.05760811122206011,135.34100000000007,-0.004606574805736096,187.63892694520533,83.0430730547948,7.3851865243872705,-0.004606574805736096,0
256,2019-01-08/2019-01-14,140.64,137.8,146.57,142.53,90582790.0,18.828269484808455,2019-01-08,2,2019,0.03515142711889019,136.00700000000006,0.007219671913792913,188.30492694520532,83.7090730547948,7.94883607831935,0.007219671913792913,0
257,2019-01-15/2019-01-21,149.39,145.3,152.43,150.2,84605194.0,19.841479524438572,2019-01-15,3,2019,0.053813232301971325,137.23700000000008,0.011013927569589433,189.53492694520534,84.93907305479482,9.771423642437735,0.011013927569589433,0
258,2019-01-22/2019-01-28,147.72,142.52,151.53,148.6,92953583.0,19.63011889035667,2019-01-22,4,2019,-0.010652463382157085,141.84200000000007,0.03453425058215489,194.13992694520533,89.54407305479481,8.200735942584128,0.03453425058215489,0
259,2019-01-29/2019-02-04,145.71,143.43,171.68,168.8101,184495019.0,22.29988110964333,2019-01-29,5,2019,0.13600336473755048,149.56602000000007,0.054384734399663,201.86394694520533,97.2680930547948,11.855538461073435,0.054384734399663,0
260,2019-02-05/2019-02-11,170.77,164.19,172.47,168.38,70681434.0,22.243064729194185,2019-02-05,6,2019,-0.0025478333346168336,155.70402000000007,0.042353545488327614,208.00194694520533,103.40609305479481,12.111626038727895,0.042353545488327614,0
261,2019-02-12/2019-02-18,166.84,160.86,168.34,162.47,55189207.0,21.46235138705416,2019-02-12,7,2019,-0.03509918042522864,159.6920200000001,0.02830342397950385,211.98994694520536,107.39409305479484,9.73998079577119,0.02830342397950385,0
262,2019-02-19/2019-02-25,163.05,159.59,166.07,165.6878,68223798.0,21.887424042272126,2019-02-19,8,2019,0.01980550255431779,162.78958000000011,0.021501878029973144,215.08750694520538,110.49165305479485,8.326845860948291,0.021501878029973144,0
263,2019-02-26/2019-03-04,164.78,160.41,167.5,165.89,61509217.0,21.914134742404226,2019-02-26,9,2019,0.0012203674621786842,166.2475800000001,0.023876444198840295,218.54550694520537,113.94965305479485,2.540917726332667,0.023876444198840295,0
264,2019-03-05/2019-03-11,167.32,165.79,174.3,172.44,93054278.0,22.779392338177015,2019-03-05,10,2019,0.039483995418651,166.9735600000001,0.004572570335060399,219.27148694520537,114.67563305479484,3.7070666797336624,0.004572570335060399,0
265,2019-03-12/2019-03-18,172.1816,159.28,174.03,164.45,107510689.0,21.723910171730513,2019-03-12,11,2019,-0.04633495708652291,166.1875600000001,-0.004184854415320816,218.48548694520537,113.88963305479484,3.750689105749978,-0.004184854415320816,0
266,2019-03-19/2019-03-25,163.05,160.82,167.42,166.5,82604168.0,21.994715984147952,2019-03-19,12,2019,0.01246579507449086,166.9935600000001,0.005328140684623084,219.29148694520535,114.69563305479483,3.1344800793738643,0.005328140684623084,0
267,2019-03-26/2019-04-01,167.0,163.33,169.45,168.485,54060208.0,22.256935270805812,2019-03-26,13,2019,0.011921921921921985,167.55300000000008,0.003751424558143923,219.85092694520534,115.25507305479482,3.0925062651499333,0.003751424558143923,0
268,2019-04-02/2019-04-08,172.7841,168.19,178.0,174.555,82194250.0,23.05878467635403,2019-04-02,14,2019,0.036026946018933304,169.2860000000001,0.010712740269494847,221.58392694520535,116.98807305479482,4.168344095680153,0.010712740269494847,0
269,2019-04-09/2019-04-15,175.16,174.0,180.5,178.5001,57900038.0,23.57993394980185,2019-04-09,15,2019,0.022600899429979115,170.49802000000008,0.007336121071760471,222.79594694520534,118.20009305479482,5.854641970436066,0.007336121071760471,0
270,2019-04-16/2019-04-22,177.68,176.32,182.26,180.78,41405249.0,23.88110964332893,2019-04-16,16,2019,0.012772541864122244,173.76402000000007,0.0191576208618895,226.06194694520534,121.46609305479481,6.182922391716677,0.0191576208618895,0
271,2019-04-23/2019-04-29,183.97,175.5,202.25,194.57,146203617.0,25.702774108322323,2019-04-23,17,2019,0.07628056200907185,179.37802000000005,0.0319205742488057,231.6759469452053,127.08009305479479,9.688291314880642,0.0319205742488057,0
272,2019-04-30/2019-05-06,196.21,189.67,197.39,192.84,75763718.0,25.474240422721266,2019-04-30,18,2019,-0.008891401552140521,184.24902000000003,0.0277579095539932,236.5469469452053,131.95109305479477,8.935683664498859,0.0277579095539932,0
273,2019-05-07/2019-05-13,188.1072,180.55,193.19,182.4,65185817.0,24.095112285336857,2019-05-07,19,2019,-0.05413814561294339,185.81802000000002,0.00972489122761786,238.11594694520528,133.52009305479476,7.357340151304119,0.00972489122761786,0
274,2019-05-14/2019-05-20,181.0,178.1,188.575,182.41,62669114.0,24.096433289299867,2019-05-14,20,2019,5.48245614033771e-05,186.60000000000005,0.005215676253902712,238.8979269452053,134.3020730547948,6.548415838963788,0.005215676253902712,0
275,2019-05-21/2019-05-27,185.07,179.67,186.74,182.54,33069074.0,24.11360634081902,2019-05-21,21,2019,0.0007126802258647924,186.95200000000006,0.002803703926251222,239.24992694520532,134.6540730547948,6.195132766938239,0.002803703926251222,0
276,2019-05-28/2019-06-03,184.32,161.01,184.7119,175.69,98534106.0,23.20871862615588,2019-05-28,22,2019,-0.03752602169387531,183.17600000000007,-0.01995761281433821,235.47392694520533,130.8780730547948,6.144642381782017,-0.01995761281433821,0
277,2019-06-04/2019-06-10,161.44,160.84,177.86,177.55,103165573.0,23.45442536327609,2019-06-04,23,2019,0.010586829073937043,180.11800000000005,-0.016061966689122697,232.4159269452053,127.82007305479479,3.260700844909204,-0.016061966689122697,0
278,2019-06-11/2019-06-17,178.12,172.88,191.4,186.99,85910501.0,24.701453104359313,2019-06-11,24,2019,0.05316812165587148,181.0360000000001,0.005399286764640276,233.33392694520535,128.73807305479482,4.481403797917754,0.005399286764640276,0
279,2019-06-18/2019-06-24,192.8,184.55,194.58,193.44,102146935.0,25.55350066050198,2019-06-18,25,2019,0.03449382319910144,183.24200000000008,0.012287086492179888,235.53992694520534,130.9440730547948,7.210601223198494,0.012287086492179888,0
280,2019-06-25/2019-07-01,188.62,187.2,196.3,192.8,63245423.0,25.46895640686922,2019-06-25,26,2019,-0.003308519437551616,185.2940000000001,0.011482846559496607,237.59192694520536,132.99607305479483,8.33336846659211,0.011482846559496607,0
281,2019-07-02/2019-07-08,192.75,191.11,197.4,196.1943,37691421.0,25.917344782034345,2019-07-02,27,2019,0.017605290456431444,189.39486000000005,0.022509108989557956,241.6927869452053,137.0969330547948,7.420825095499273,0.022509108989557956,0
282,2019-07-09/2019-07-15,198.92,193.82,205.49,204.45,75152091.0,27.00792602377807,2019-07-09,28,2019,0.04207920413589994,194.77486000000007,0.028807584001950538,247.07278694520534,142.4769330547948,6.362175578997491,0.028807584001950538,0
283,2019-07-16/2019-07-22,203.12,197.5,205.4707,201.8,58640770.0,26.65785997357992,2019-07-16,29,2019,-0.012961604304230767,197.73686000000006,0.015581638809930087,250.03478694520533,145.4389330547948,5.166972982123307,0.015581638809930087,0
284,2019-07-23/2019-07-29,202.5906,195.3,216.5,195.951,132189830.0,25.885204755614264,2019-07-23,30,2019,-0.028984142715560046,198.23906000000005,0.0028860456269977908,250.5369869452053,145.9411330547948,4.750150131100305,0.0028860456269977908,0
285,2019-07-30/2019-08-05,194.92,176.25,198.76,184.85,86602304.0,24.418758256274767,2019-07-30,31,2019,-0.056651918081561226,196.64906000000005,-0.007782634101804131,248.9469869452053,144.3511330547948,7.538215290636909,-0.007782634101804131,0
286,2019-08-06/2019-08-12,183.61,172.6596,202.32,186.4,76123737.0,24.62351387054161,2019-08-06,32,2019,0.008385177170678881,194.69020000000006,-0.009626656758954643,246.98812694520532,142.3922730547948,8.845189664444275,-0.009626656758954643,0
287,2019-08-13/2019-08-19,188.64,173.6805,203.8,185.8,72321649.0,24.5442536327609,2019-08-13,33,2019,-0.0032188841201716833,190.96020000000007,-0.018686274410168967,243.25812694520533,138.6622730547948,7.536029803549865,-0.018686274410168967,0
288,2019-08-20/2019-08-26,183.87,170.913625,187.75,179.07,48628064.0,23.655217965653897,2019-08-20,34,2019,-0.0362217438105491,186.41420000000008,-0.023338302311432635,238.71212694520534,134.11627305479482,6.076841136642578,-0.023338302311432635,0
289,2019-08-27/2019-09-02,181.5535,173.6805,187.31,183.71,48974339.0,24.268163804491415,2019-08-27,35,2019,0.025911654660188743,183.96600000000007,-0.012359142836282876,236.26392694520533,131.6680730547948,2.9200051369803273,-0.012359142836282876,0
290,2019-09-03/2019-09-09,182.5,175.985694,206.7,188.36,67945978.0,24.882430647291944,2019-09-03,36,2019,0.025311632464209977,184.6680000000001,0.004033567272871364,236.96592694520535,132.37007305479483,3.541450267897532,0.004033567272871364,0
291,2019-09-10/2019-09-16,187.97,184.55,197.952583,186.32,62154297.0,24.612945838837515,2019-09-10,37,2019,-0.010830324909747446,184.6520000000001,0.00019046685678609788,236.94992694520536,132.35407305479484,3.5318366326872326,0.00019046685678609788,0
292,2019-09-17/2019-09-23,186.11,175.98575,200.8495,186.8001,74225348.0,24.676367239101715,2019-09-17,38,2019,0.002576749677973389,184.85202000000012,0.0013495936164151124,237.1499469452054,132.55409305479486,3.6397757351231776,0.0013495936164151124,0
293,2019-09-24/2019-09-30,187.63,167.45408999999995,188.09,178.31,83190159.0,23.554821664464992,2019-09-24,39,2019,-0.04545018980182547,184.70002000000014,-0.0004960955818401613,236.9979469452054,132.40209305479488,3.9446996085876354,-0.0004960955818401613,0
294,2019-10-01/2019-10-07,175.61,170.913625,181.18,179.52,92222460.0,23.714663143989434,2019-10-01,40,2019,0.006785934608266597,183.86202000000011,-0.004321239592224591,236.15994694520538,131.56409305479485,4.598474410279071,-0.004321239592224591,0
295,2019-10-08/2019-10-14,177.93,173.6805,186.49,184.105,100761273.0,24.32034346103038,2019-10-08,41,2019,0.02554032976827081,183.01102000000012,-0.004275500131412424,235.30894694520538,130.71309305479485,3.898399601373811,-0.004275500131412424,0
296,2019-10-15/2019-10-21,188.53,183.51,200.8495,189.68,119806005.0,25.056803170409513,2019-10-15,42,2019,0.030281632763911936,183.6830200000001,0.003946891403319453,235.98094694520537,131.38509305479485,4.797345709034475,0.003946891403319453,0
297,2019-10-22/2019-10-28,181.8,173.6805,191.0,190.6,72971342.0,25.178335535006603,2019-10-22,43,2019,0.004850274145929978,184.44300000000013,0.00440159629691077,236.7409269452054,132.14507305479486,5.641335834710735,0.00440159629691077,0
298,2019-10-29/2019-11-04,191.2994,180.03,200.8495,194.65,105628928.0,25.71334214002642,2019-10-29,44,2019,0.021248688352570877,187.71100000000015,0.017741371927790038,240.00892694520542,135.4130730547949,5.925975025258818,0.017741371927790038,0
299,2019-11-05/2019-11-11,195.51,187.5117,195.77,190.15,58393470.0,25.11889035667107,2019-11-05,45,2019,-0.023118417672745917,189.83700000000016,0.011760501471587536,242.13492694520542,137.5390730547949,3.7658192999653095,0.011760501471587536,0
300,2019-11-12/2019-11-18,193.56,189.39,200.8495,197.39,65717683.0,26.075297225891674,2019-11-12,46,2019,0.03807520378648421,192.49400000000014,0.014267476275230218,244.7919269452054,140.19607305479488,3.3771037887501874,0.014267476275230218,0
301,2019-11-19/2019-11-25,199.58,195.4114,200.98,199.4899,74748024.0,26.352694848084543,2019-11-19,47,2019,0.010638330209230551,194.45598000000012,0.01033881576429394,246.7539069452054,142.15805305479486,4.104768970598791,0.01033881576429394,0
302,2019-11-26/2019-12-02,198.98,187.7905,210.516,200.1623,46159600.0,26.44151915455746,2019-11-26,48,2019,0.0033705967069008747,196.36844000000013,0.01004288027648812,248.6663669452054,144.07051305479487,4.086639913546361,0.01004288027648812,0
303,2019-12-03/2019-12-09,197.06,191.146209,214.84799999999998,201.25,60796851.0,26.585204755614267,2019-12-03,49,2019,0.005434090235773681,197.6884400000001,0.0068799606531286805,249.98636694520536,145.39051305479484,4.443171590540926,0.0068799606531286805,0
304,2019-12-10/2019-12-16,200.4415,188.8945,210.516,197.9,80950171.0,26.142668428005283,2019-12-10,50,2019,-0.016645962732919184,199.2384400000001,0.008174451641094028,251.53636694520537,146.94051305479485,1.594621830713998,0.008174451641094028,0
305,2019-12-17/2019-12-23,197.29,191.146205,208.59,206.55,95939011.0,27.28533685601057,2019-12-17,51,2019,0.04370894391106628,201.07044000000013,0.00930119966601044,253.3683669452054,148.77251305479487,3.2951606308326293,0.00930119966601044,0
306,2019-12-24/2019-12-30,205.6223,193.6223,210.516,204.64,39067571.0,27.033025099075296,2019-12-24,52,2019,-0.009247155652384542,202.1004600000001,0.0053241024936874215,254.39838694520537,149.80253305479485,3.4774732289392354,0.0053241024936874215,0
307,2019-12-31/2020-01-06,204.46,203.2,212.8,212.54,44021918.0,28.076618229854688,2019-12-31,1,2019,0.03860437842064113,204.5760000000001,0.012370858836435471,256.87392694520537,152.27807305479485,5.54430608823039,0.012370858836435471,0
308,2020-01-07/2020-01-13,212.75,208.12,222.1,221.89,62462512.0,34.50855365474339,2020-01-07,2,2020,0.04399171920579659,208.7040000000001,0.020082384630440053,261.00192694520535,156.40607305479483,9.034208875158232,0.020082384630440053,0
309,2020-01-14/2020-01-20,221.75,218.55,222.9,222.0,43333275.0,34.52566096423017,2020-01-14,3,2020,0.0004957411329937766,213.52400000000006,0.023510725403622645,265.8219269452053,161.2260730547948,8.221358160303371,0.023510725403622645,0
310,2020-01-21/2020-01-27,221.03,212.5,222.85,214.9,54208420.0,33.421461897356146,2020-01-21,4,2020,-0.03198198198198199,215.1940000000001,0.008372540225012992,267.49192694520536,162.89607305479484,7.240081491253161,0.008372540225012992,0
311,2020-01-28/2020-02-03,216.54,201.06,225.07,204.27,136391491.0,31.768273716951793,2020-01-28,5,2020,-0.04946486738017686,215.12000000000006,0.000328997879454529,267.4179269452053,162.8220730547948,7.375544047728715,0.000328997879454529,0
312,2020-02-04/2020-02-10,209.875,203.35,213.8,212.49,60180832.0,33.04665629860031,2020-02-04,6,2020,0.040240857688353726,215.11000000000007,0.0006562937329970487,267.4079269452053,162.8120730547948,7.379949186816021,0.0006562937329970487,0
313,2020-02-11/2020-02-17,208.0,206.5102,214.93,214.07,60588138.0,33.292379471228614,2020-02-11,7,2020,0.007435644030307165,213.5460000000001,-0.006654921302100836,265.84392694520534,161.24807305479484,6.339111136428106,-0.006654921302100836,0
314,2020-02-18/2020-02-24,212.9,198.17,218.8,201.78,71001313.0,31.381026438569208,2020-02-18,8,2020,-0.05741112720138264,209.5020000000001,-0.018236294968976118,261.79992694520536,157.20407305479483,6.040204466736858,-0.018236294968976118,0
315,2020-02-25/2020-03-02,201.78,181.82,203.5,189.83,106565454.0,29.522550544323487,2020-02-25,9,2020,-0.059222916047179996,204.48800000000008,-0.02368448178201572,256.78592694520535,152.19007305479482,9.722197282507084,-0.02368448178201572,0
316,2020-03-03/2020-03-09,189.02,165.19,197.7,171.0,113222338.0,26.594090202177295,2020-03-03,10,2020,-0.09919401569825637,197.83400000000012,-0.033630311445631625,250.13192694520538,145.53607305479485,17.875293843738316,-0.033630311445631625,0
317,2020-03-10/2020-03-16,175.27,143.1,178.29,150.68,148668139.0,23.433903576982896,2020-03-10,11,2020,-0.11883040935672506,185.47200000000012,-0.06544456485464738,237.76992694520538,133.17407305479486,25.113296677258255,-0.06544456485464738,0
318,2020-03-17/2020-03-23,148.76,137.1006,162.5,147.5,159452062.0,22.939346811819597,2020-03-17,12,2020,-0.02110432705070353,172.15800000000013,-0.07115255907084952,224.4559269452054,119.86007305479487,23.771962897497392,-0.07115255907084952,0
319,2020-03-24/2020-03-30,154.95,151.77,166.75,159.76,127032475.0,24.846034214618975,2020-03-24,13,2020,0.08311864406779645,163.75400000000013,-0.0430466048170137,216.0519269452054,111.45607305479487,17.201281347620423,-0.0430466048170137,0
320,2020-03-31/2020-04-06,167.32,150.83,170.93,159.53,106418780.0,24.81026438569207,2020-03-31,14,2020,-0.0014396594892337466,157.69400000000013,-0.03148995350542445,209.9919269452054,105.39607305479487,9.189705109523135,-0.03148995350542445,0
321,2020-04-07/2020-04-13,170.25,166.01,177.45,173.39,90083536.0,26.96578538102644,2020-04-07,15,2020,0.08688021061869233,158.1720000000001,0.005724891757965289,210.46992694520537,105.87407305479485,10.074411645351576,0.005724891757965289,0
322,2020-04-14/2020-04-20,180.58,172.51,181.65,178.57,90254740.0,27.771384136858476,2020-04-14,16,2020,0.029874848607186255,163.75000000000009,0.035465943350747556,216.04792694520535,111.45207305479482,12.352661656501185,0.035465943350747556,0
323,2020-04-21/2020-04-27,171.745,168.3408,194.79,192.4,130239270.0,29.92223950233282,2020-04-21,17,2020,0.07744861958895677,172.73000000000008,0.05517653267867961,225.02792694520534,120.43207305479481,13.819469960891857,0.05517653267867961,0
324,2020-04-28/2020-05-04,184.71,182.56,217.26,200.5,155673460.0,31.181959564541213,2020-04-28,18,2020,0.04209979209979209,180.8780000000001,0.04697276228507874,233.17592694520536,128.58007305479484,16.085035592126957,0.04697276228507874,0
325,2020-05-05/2020-05-11,208.87,206.0,215.0,212.69,77396058.0,33.077760497667185,2020-05-05,19,2020,0.060798004987531185,191.51000000000013,0.05942029518043172,243.8079269452054,139.21207305479487,16.015481572528167,0.05942029518043172,0
326,2020-05-12/2020-05-18,214.48,200.69,215.275,212.91,85170510.0,33.11197511664075,2020-05-12,20,2020,0.0010343692698293605,199.41400000000016,0.04225112691065913,251.71192694520542,147.1160730547949,14.519315755227163,0.04225112691065913,0
327,2020-05-19/2020-05-25,219.32,212.22,237.2,234.79,158185426.0,36.51477449455677,2020-05-19,21,2020,0.10276642712883377,210.6580000000002,0.05682944261498864,262.9559269452054,158.36007305479492,16.031948415585216,0.05682944261498864,0
328,2020-05-26/2020-06-01,235.49,221.1347,240.9,228.88,131390134.0,35.59564541213064,2020-05-26,22,2020,-0.02517142978832143,217.95400000000018,0.036305432739532996,270.2519269452054,165.65607305479492,13.789689264083654,0.036305432739532996,0
329,2020-06-02/2020-06-08,229.0378,224.61,234.13,229.66,79427670.0,35.71695178849145,2020-06-02,23,2020,0.0034078993358965803,223.7860000000002,0.02856705418675389,276.08392694520546,171.48807305479494,10.282865845666883,0.02856705418675389,0
330,2020-06-09/2020-06-15,235.51,222.53,241.75,230.19,104773243.0,35.79937791601866,2020-06-09,24,2020,0.002307759296351186,227.2860000000002,0.016869005048517894,279.58392694520546,174.98807305479494,8.360462307790263,0.016869005048517894,0
331,2020-06-16/2020-06-22,234.571,231.7268,240.83,238.69,90970804.0,37.12130637636081,2020-06-16,25,2020,0.036926017637603614,232.44200000000018,0.024047334722072745,284.7399269452054,180.14407305479492,4.184778369278506,0.024047334722072745,0
332,2020-06-23/2020-06-29,240.6799,206.23,245.1853,211.2,189099878.0,32.846034214618975,2020-06-23,26,2020,-0.11517030457916133,227.72400000000022,-0.019540011619526277,280.02192694520545,175.42607305479495,10.055611866017003,-0.019540011619526277,0
333,2020-06-30/2020-07-06,219.86,218.47,241.0,240.85,128108733.0,37.45723172628305,2020-06-30,27,2020,0.14038825757575757,230.11800000000022,0.013571925853289524,282.41592694520546,177.82007305479496,11.691457137584752,0.013571925853289524,0
334,2020-07-07/2020-07-13,238.8,236.59,250.15,239.54,122374511.0,37.25349922239502,2020-07-07,28,2020,-0.00543906996055632,232.0940000000002,0.011802531993998944,284.39192694520546,179.79607305479493,12.407680282791825,0.011802531993998944,0
335,2020-07-14/2020-07-20,237.579,232.03,246.05,242.65,94020908.0,37.737169517884915,2020-07-14,29,2020,0.012983217834182215,234.58600000000018,0.01393762370156515,286.8839269452054,182.28807305479492,13.158226704232614,0.01393762370156515,0
336,2020-07-21/2020-07-27,239.85,226.9,247.75,232.33,82879725.0,36.132192846034215,2020-07-21,30,2020,-0.04253039357098698,233.31400000000016,-0.0019536585401529693,285.6119269452054,181.0160730547949,12.968351090249696,-0.0019536585401529693,0
337,2020-07-28/2020-08-03,231.5,229.0,255.88,253.24,119535924.0,39.3841368584759,2020-07-28,31,2020,0.09000129126673273,241.72200000000015,0.03908066062902584,294.0199269452054,189.4240730547949,7.537517495832331,0.03908066062902584,0
338,2020-08-04/2020-08-10,248.55900000000003,247.43,278.89,268.02,173238954.0,41.682737169517885,2020-08-04,32,2020,0.058363607644921656,247.15600000000018,0.02267573064285866,299.4539269452054,194.85807305479491,13.878394359578367,0.02267573064285866,0
339,2020-08-11/2020-08-17,264.365,255.13,265.915,262.49,90784998.0,40.82270606531882,2020-08-11,33,2020,-0.02063278859786577,251.74600000000018,0.01963698691539677,304.04392694520544,199.44807305479492,14.510573041750469,0.01963698691539677,0
340,2020-08-18/2020-08-24,261.2957,259.26,277.2478,270.55,95842112.0,42.07620528771385,2020-08-18,34,2020,0.030705931654539276,257.32600000000014,0.023181529679468182,309.62392694520537,205.02807305479487,15.470925311692726,0.023181529679468182,0
341,2020-08-25/2020-08-31,272.42,270.2601,307.77,293.2,167207361.0,45.59875583203733,2020-08-25,35,2020,0.083718351506191,269.50000000000017,0.04843127869490378,321.7979269452054,217.2020730547949,14.819839742722316,0.04843127869490378,0
342,2020-09-01/2020-09-07,296.67,271.14,303.9,281.9629,98978386.0,43.851150855365475,2020-09-01,36,2020,-0.038325716234652085,275.24458000000016,0.022765877194626815,327.5425069452054,222.9466530547949,12.292740535859824,0.022765877194626815,0
343,2020-09-08/2020-09-14,269.0,262.64,281.4,275.4599,109717114.0,42.83979782270607,2020-09-08,37,2020,-0.023063317904589486,276.7325600000002,0.006480492084724588,329.03048694520544,224.43463305479494,11.632145800022073,0.006480492084724588,0
344,2020-09-15/2020-09-21,273.5468,244.13,274.52,246.2849,123816172.0,38.30247278382582,2020-09-15,38,2020,-0.1059137827320783,273.4915400000002,-0.010575706742117918,325.78946694520545,221.19361305479495,17.413469603814494,-0.010575706742117918,0
345,2020-09-22/2020-09-28,250.7,245.4,259.98,256.62,98550687.0,39.90979782270607,2020-09-22,39,2020,0.04196400185313842,270.70554000000027,-0.00832409270239809,323.0034669452055,218.407613054795,19.0401084488238,-0.00832409270239809,0
346,2020-09-29/2020-10-05,262.3,256.5,268.33,264.2,81921670.0,41.088646967340594,2020-09-29,40,2020,0.029537838048476317,264.90554000000026,-0.019160195393941027,317.2034669452055,212.607613054795,14.302309594711328,-0.019160195393941027,0
